barangay,household_id,sss_member,gsis_member,philhealth_member,other_medical_member,sss_received,gsis_received,philhealth_received,other_medical_received,4ps_member,socpen_member,aics_member,walang_gutom_member,education_assist_member,employment_assist_member,other_program_member,4ps_received,socpen_received,aics_received,walang_gutom_received,education_assist_received,employment_assist_received,other_program_received,pantawid_id
Anitap,ANI-0001,1,2,1,1,1,2,1,1,2,2,1,2,2,1,1,1,1,2,1,1,2,1,
Anitap,ANI-0002,2,2,1,2,2,2,2,2,2,2,1,1,2,2,1,1,1,2,1,1,2,1,1541646393620994140
Anitap,ANI-0003,1,1,1,2,1,2,2,2,1,2,2,1,1,1,1,2,2,2,1,2,1,1,
Anitap,ANI-0004,1,2,1,2,2,2,1,2,2,2,2,1,1,1,2,1,2,1,2,1,1,1,
Anitap,ANI-0005,1,2,1,2,1,2,2,2,1,1,2,1,2,2,2,2,2,1,1,2,1,1,
Anitap,ANI-0006,2,2,1,2,2,2,2,2,1,1,1,1,2,2,2,2,1,2,1,2,2,2,3265047201415290703
Anitap,ANI-0007,1,2,1,1,1,2,2,2,1,2,2,2,2,2,2,2,2,2,2,1,1,1,5730368718160152846
Anitap,ANI-0008,2,2,2,2,2,2,2,2,1,2,1,2,2,2,2,2,1,1,1,1,2,2,6481051208997389128
Anitap,ANI-0009,2,2,1,1,2,2,2,2,1,1,2,1,1,1,2,2,1,1,2,1,1,2,
Anitap,ANI-0010,2,2,1,2,2,2,1,2,2,2,1,1,2,1,1,2,1,1,1,1,1,1,
Anitap,ANI-0011,2,1,2,2,2,1,2,2,2,2,2,1,2,2,1,1,2,2,1,1,2,1,7657567972965407724
Anitap,ANI-0012,2,2,1,1,2,2,2,2,1,2,2,1,2,1,1,1,2,2,1,1,1,2,
Anitap,ANI-0013,2,2,1,2,2,2,1,2,2,1,2,2,2,2,2,1,1,2,2,1,1,2,2889740261308537525
Anitap,ANI-0014,1,2,2,2,1,2,2,2,1,2,1,2,2,2,1,1,1,2,2,1,2,1,
Anitap,ANI-0015,1,2,1,2,1,2,2,2,1,1,2,2,2,2,1,2,2,2,1,1,1,1,
Anitap,ANI-0016,2,2,1,2,2,2,2,2,2,2,1,1,2,2,2,1,1,1,2,2,2,2,
Anitap,ANI-0017,1,2,1,2,1,2,1,2,2,2,1,2,1,2,2,2,1,1,1,1,1,2,
Anitap,ANI-0018,2,1,1,2,2,1,2,2,2,2,1,1,1,1,2,1,2,2,2,2,1,2,
Anitap,ANI-0019,1,2,1,1,1,2,2,1,1,2,1,1,2,1,1,1,2,1,2,1,2,1,9290060277590263988
Anitap,ANI-0020,2,2,1,2,2,2,1,2,1,2,1,1,2,2,1,1,1,1,2,2,1,2,
Anitap,ANI-0021,1,2,2,2,1,2,2,2,1,2,2,1,1,2,1,2,2,2,1,2,1,2,
Anitap,ANI-0022,1,2,1,2,1,2,2,2,1,1,2,2,1,1,2,2,2,2,2,1,2,1,
Anitap,ANI-0023,2,2,1,1,2,2,2,1,1,1,1,1,2,2,1,1,1,2,1,1,2,1,
Anitap,ANI-0024,2,2,1,2,2,2,1,2,2,1,1,1,2,2,2,1,1,2,2,2,2,1,
Anitap,ANI-0025,2,2,1,2,2,2,1,2,2,1,2,1,2,2,2,2,1,1,2,1,1,2,
Anitap,ANI-0026,1,2,1,2,1,2,1,2,1,1,2,1,1,2,1,2,1,2,1,2,2,2,
Anitap,ANI-0027,1,2,1,2,2,2,1,2,1,1,2,1,1,1,2,2,2,2,2,2,1,1,
Anitap,ANI-0028,2,2,1,2,2,2,1,2,1,1,2,1,1,1,2,2,1,1,2,2,1,2,2436419354001440802
Anitap,ANI-0029,2,1,1,2,2,1,2,2,1,2,1,2,1,1,1,1,2,2,2,1,1,2,
Anitap,ANI-0030,1,1,1,2,1,1,1,2,1,1,2,2,2,1,1,1,2,2,2,1,2,1,7747030607243288202
Manuel Roxas,MAN-0001,2,2,1,2,2,2,2,2,2,1,2,1,2,1,2,1,1,2,1,2,1,2,
Manuel Roxas,MAN-0002,1,2,1,2,2,2,2,2,1,2,2,2,2,2,2,1,1,2,2,1,1,2,1941083611375619748
Manuel Roxas,MAN-0003,2,2,1,2,2,2,2,2,2,1,2,2,2,2,1,2,2,1,2,1,2,2,2305162290900988051
Manuel Roxas,MAN-0004,2,2,2,2,2,2,2,2,1,2,2,1,1,2,1,1,2,2,2,2,2,2,
Manuel Roxas,MAN-0005,2,2,1,2,2,2,1,2,2,2,1,1,1,2,1,2,1,2,1,2,2,1,6139617759056198088
Manuel Roxas,MAN-0006,2,2,1,1,2,2,1,1,2,1,1,1,2,1,2,2,1,2,2,1,1,1,
Manuel Roxas,MAN-0007,2,1,1,2,2,1,2,2,2,1,2,2,2,2,1,1,2,2,2,1,1,2,
Manuel Roxas,MAN-0008,2,1,2,2,2,1,2,2,1,2,1,1,2,2,2,2,2,1,2,2,1,1,
Manuel Roxas,MAN-0009,2,2,1,2,2,2,1,2,1,2,2,1,1,2,1,1,1,1,2,1,2,2,6815468301957848969
Manuel Roxas,MAN-0010,1,2,1,2,1,2,1,2,1,2,1,1,2,1,1,2,1,2,1,2,1,1,
Manuel Roxas,MAN-0011,2,1,2,2,2,1,2,2,2,2,1,1,2,2,2,1,2,2,2,1,1,2,
Manuel Roxas,MAN-0012,2,2,1,2,2,2,1,2,1,1,2,2,1,2,2,2,2,1,2,2,1,1,5305395075177441097
Manuel Roxas,MAN-0013,1,2,2,2,2,2,2,2,1,1,2,1,1,2,1,1,2,2,1,1,1,2,
Manuel Roxas,MAN-0014,2,2,1,2,2,2,1,2,2,2,1,1,2,2,2,1,2,1,2,2,2,2,
Manuel Roxas,MAN-0015,1,1,1,2,1,1,2,2,1,1,2,1,1,2,1,2,1,1,1,1,2,1,3458608879038425696
Manuel Roxas,MAN-0016,2,2,1,2,2,2,1,2,1,2,2,2,2,2,2,2,2,2,1,1,1,1,
Manuel Roxas,MAN-0017,2,2,1,2,2,2,1,2,2,2,2,1,1,2,2,2,2,2,1,1,2,1,8193344209542896228
Manuel Roxas,MAN-0018,2,2,1,2,2,2,2,2,1,1,2,2,1,2,2,1,1,2,2,1,1,2,
Manuel Roxas,MAN-0019,1,2,2,1,2,2,2,2,2,2,1,2,2,2,1,1,2,1,2,2,1,1,
Manuel Roxas,MAN-0020,1,2,1,2,1,2,1,2,2,1,1,2,1,1,1,1,2,2,1,2,1,2,8649614628279710830
Manuel Roxas,MAN-0021,1,2,1,2,1,2,1,2,2,2,1,1,2,2,1,2,2,1,2,2,1,1,
Manuel Roxas,MAN-0022,2,2,1,2,2,2,2,2,1,1,2,2,2,2,1,1,1,2,2,2,2,2,4497799359593708708
Manuel Roxas,MAN-0023,2,2,1,2,2,2,2,2,2,1,2,1,1,2,2,2,2,2,2,1,1,2,
Manuel Roxas,MAN-0024,2,2,1,2,2,2,2,2,2,2,1,1,1,1,1,1,1,2,2,2,2,2,
Manuel Roxas,MAN-0025,1,2,2,2,2,2,2,2,1,2,2,2,2,2,2,2,1,2,2,2,1,1,2112212070054429386
Manuel Roxas,MAN-0026,2,2,2,2,2,2,2,2,2,2,2,2,1,2,1,1,2,1,1,1,1,1,
Manuel Roxas,MAN-0027,2,2,1,2,2,2,2,2,2,2,2,1,1,1,2,2,2,2,2,2,1,2,
Manuel Roxas,MAN-0028,2,2,1,2,2,2,2,2,2,2,1,1,1,2,1,2,1,1,1,2,2,2,
Manuel Roxas,MAN-0029,2,1,1,2,2,1,2,2,1,1,2,1,1,1,1,2,1,1,1,1,2,2,4125057009596800380
Manuel Roxas,MAN-0030,2,2,1,2,2,2,1,2,2,2,2,1,1,1,1,1,2,1,2,1,2,1,
Manuel Roxas,MAN-0031,2,2,1,2,2,2,1,2,1,2,2,2,2,1,2,2,1,2,2,2,2,1,
Manuel Roxas,MAN-0032,2,2,1,2,2,2,1,2,1,1,1,2,1,2,1,2,1,2,2,1,2,1,
Manuel Roxas,MAN-0033,2,2,1,2,2,2,2,2,2,2,2,2,1,1,1,1,2,1,2,2,2,2,
Manuel Roxas,MAN-0034,1,2,1,1,1,2,2,2,1,2,1,1,2,1,2,1,2,2,2,2,2,1,
Manuel Roxas,MAN-0035,2,2,1,2,2,2,1,2,1,1,2,1,1,2,1,2,1,2,1,2,1,1,
Manuel Roxas,MAN-0036,2,2,1,1,2,2,1,2,2,1,1,1,1,1,1,2,1,1,1,1,1,2,5994654315282496119
Manuel Roxas,MAN-0037,2,2,1,2,2,2,1,2,1,1,1,1,2,2,2,1,1,1,2,1,1,2,
Manuel Roxas,MAN-0038,2,1,1,2,2,1,1,2,2,2,1,2,2,1,1,1,2,1,2,2,2,1,
Manuel Roxas,MAN-0039,2,2,1,2,2,2,1,2,2,1,1,1,1,2,1,1,2,1,2,2,2,1,5900951523571953359
Manuel Roxas,MAN-0040,2,2,2,2,2,2,2,2,2,2,2,1,1,1,2,2,1,2,2,2,1,2,4556119342233818281
Manuel Roxas,MAN-0041,2,2,2,2,2,2,2,2,1,1,1,2,2,1,2,1,1,2,2,1,2,2,1025442070390464985
Manuel Roxas,MAN-0042,2,2,1,2,2,2,2,2,1,1,1,1,1,1,2,2,2,2,2,1,1,2,
Manuel Roxas,MAN-0043,1,2,1,1,1,2,1,1,2,2,1,2,1,2,2,1,2,1,2,2,1,2,
Manuel Roxas,MAN-0044,1,2,1,2,2,2,2,2,1,1,1,1,1,1,1,1,1,1,2,2,1,2,8636354011411261910
Manuel Roxas,MAN-0045,2,1,1,2,2,1,1,2,2,2,1,1,2,1,1,1,2,1,1,2,1,1,
Manuel Roxas,MAN-0046,2,2,1,1,2,2,1,1,1,1,2,1,1,1,1,2,2,1,2,2,2,2,
Manuel Roxas,MAN-0047,1,2,1,2,1,2,2,2,2,2,1,1,1,1,1,1,1,1,1,1,2,1,2465312473660029166
Manuel Roxas,MAN-0048,2,1,1,2,2,1,1,2,2,1,1,1,2,2,2,2,1,1,2,2,1,2,7533300365268782424
Manuel Roxas,MAN-0049,1,2,1,2,1,2,1,2,2,1,1,2,1,1,1,2,1,2,1,2,1,2,5585526022665044784
Manuel Roxas,MAN-0050,1,2,1,1,1,2,1,2,2,1,2,2,1,2,2,1,1,2,1,2,1,1,5890059854089789382
Manuel Roxas,MAN-0051,2,1,1,1,2,1,2,2,1,1,2,1,1,2,1,1,2,1,2,1,2,2,
Manuel Roxas,MAN-0052,2,2,1,2,2,2,1,2,2,1,1,1,2,1,1,1,2,1,2,2,1,2,
Manuel Roxas,MAN-0053,2,2,1,2,2,2,1,2,2,2,1,1,1,1,2,1,2,1,1,2,1,2,
Manuel Roxas,MAN-0054,1,1,1,2,2,1,1,2,1,1,1,1,1,1,1,2,2,1,2,1,1,2,
Manuel Roxas,MAN-0055,2,2,1,2,2,2,2,2,1,1,2,1,1,2,1,1,2,1,2,2,1,1,7948740432453623638
Manuel Roxas,MAN-0056,1,1,2,1,2,1,2,1,1,1,2,1,1,2,2,2,2,1,2,1,2,1,
Manuel Roxas,MAN-0057,1,1,1,2,2,1,1,2,2,1,2,1,1,1,1,2,1,2,1,1,2,1,
Manuel Roxas,MAN-0058,2,2,1,2,2,2,1,2,2,1,1,2,2,2,1,1,1,1,1,2,2,2,
Don Aurelio Chicote,DON-0001,2,2,1,2,2,2,1,2,1,1,2,1,1,2,1,2,1,1,2,1,1,1,
Don Aurelio Chicote,DON-0002,2,2,1,2,2,2,1,2,2,2,2,1,2,2,1,1,1,2,2,1,2,2,8180686455582541319
Don Aurelio Chicote,DON-0003,2,2,1,2,2,2,1,2,1,2,1,2,2,1,2,2,1,1,1,2,1,2,
Don Aurelio Chicote,DON-0004,1,2,1,2,1,2,1,2,1,1,1,2,2,2,2,1,1,2,1,1,1,2,
Don Aurelio Chicote,DON-0005,2,1,2,2,2,1,2,2,2,2,2,1,2,1,1,2,2,1,1,2,2,1,
Don Aurelio Chicote,DON-0006,1,1,1,2,2,1,1,2,2,1,1,1,1,2,2,1,1,1,2,2,2,2,
Don Aurelio Chicote,DON-0007,2,2,1,2,2,2,1,2,1,2,2,1,2,2,2,2,1,2,2,2,1,2,
Don Aurelio Chicote,DON-0008,2,2,1,1,2,2,1,1,1,2,1,2,2,1,2,2,2,1,2,2,2,1,
Don Aurelio Chicote,DON-0009,1,2,2,2,1,2,2,2,1,2,1,1,1,1,2,1,1,2,2,2,1,1,6377276674060328846
Don Aurelio Chicote,DON-0010,1,2,1,1,1,2,2,2,1,2,2,2,2,2,1,1,2,1,2,1,1,2,1880060962707667951
Don Aurelio Chicote,DON-0011,1,2,1,2,1,2,1,2,2,1,2,2,2,1,2,2,2,1,1,1,1,1,
Don Aurelio Chicote,DON-0012,1,2,1,2,2,2,2,2,1,2,1,1,1,1,2,2,1,2,1,2,1,1,
Don Aurelio Chicote,DON-0013,2,2,1,2,2,2,1,2,1,2,1,1,1,1,1,2,2,2,1,1,2,2,2421308895370799876
Don Aurelio Chicote,DON-0014,2,2,1,2,2,2,1,2,1,2,2,1,2,2,1,1,2,2,2,1,1,2,
Don Aurelio Chicote,DON-0015,2,1,1,2,2,1,2,2,1,1,1,1,1,1,1,1,2,1,2,1,2,1,
Don Aurelio Chicote,DON-0016,2,2,1,2,2,2,1,2,1,1,1,2,1,1,1,2,2,2,2,2,2,1,1042653861913626511
Don Aurelio Chicote,DON-0017,2,2,1,2,2,2,1,2,1,1,2,2,2,1,2,1,2,1,2,2,1,2,
Don Aurelio Chicote,DON-0018,1,2,1,2,1,2,1,2,2,2,1,2,1,2,1,1,1,2,2,2,1,1,
Don Aurelio Chicote,DON-0019,2,2,1,2,2,2,1,2,2,1,1,2,1,2,1,1,1,1,2,2,1,2,
Don Aurelio Chicote,DON-0020,1,1,1,2,2,2,1,2,2,2,1,1,1,2,1,1,1,1,1,1,2,2,
Don Aurelio Chicote,DON-0021,1,1,1,1,1,1,2,2,1,2,2,1,2,2,1,1,1,2,1,2,1,2,7463365352489351773
Don Aurelio Chicote,DON-0022,1,2,1,2,1,2,1,2,2,1,1,1,2,1,1,2,2,1,1,1,1,1,
Don Aurelio Chicote,DON-0023,2,2,2,2,2,2,2,2,2,2,1,2,1,2,1,1,1,1,1,1,2,1,2000054834072551544
Don Aurelio Chicote,DON-0024,2,2,1,2,2,2,1,2,1,2,2,1,1,2,1,1,1,2,2,1,1,1,8394305390378775642
Don Aurelio Chicote,DON-0025,2,2,1,2,2,2,1,2,2,2,2,1,1,1,2,2,1,1,2,2,1,1,
Don Aurelio Chicote,DON-0026,1,2,1,2,1,2,1,2,1,1,1,2,2,1,1,1,2,2,2,1,2,2,8957652796937825982
Don Aurelio Chicote,DON-0027,2,2,2,2,2,2,2,2,1,2,2,1,2,1,1,1,1,1,2,2,1,1,
Don Aurelio Chicote,DON-0028,1,2,2,2,1,2,2,2,1,2,2,1,1,1,2,1,2,2,1,1,1,1,1184691526574981665
Don Aurelio Chicote,DON-0029,1,1,1,2,1,1,1,2,2,2,2,1,1,2,2,1,1,2,2,2,1,1,6195033588372362274
Don Aurelio Chicote,DON-0030,1,2,1,2,1,2,2,2,1,1,1,1,2,1,2,2,2,1,2,2,2,1,6983300232904057668
Don Aurelio Chicote,DON-0031,2,2,1,2,2,2,2,2,2,1,2,2,1,1,1,2,2,1,1,1,2,1,
Don Aurelio Chicote,DON-0032,1,2,1,2,1,2,1,2,1,1,2,1,2,1,2,2,1,1,2,1,2,2,5124032863186795083
Don Aurelio Chicote,DON-0033,1,2,2,2,2,2,2,2,2,2,2,1,2,2,2,1,1,2,1,1,1,1,3604291051296852267
Don Aurelio Chicote,DON-0034,2,2,1,2,2,2,2,2,1,2,2,2,2,1,1,1,2,1,1,1,1,1,
Don Aurelio Chicote,DON-0035,2,2,1,2,2,2,2,2,2,2,2,2,1,2,2,2,2,2,1,1,2,2,
Don Aurelio Chicote,DON-0036,2,2,1,1,2,2,2,2,1,1,2,1,2,2,2,1,1,1,1,1,2,1,1596428851549491140
Don Aurelio Chicote,DON-0037,2,2,1,2,2,2,1,2,1,2,1,1,1,2,2,2,1,2,1,2,1,2,5188272315933022855
Don Aurelio Chicote,DON-0038,1,2,1,2,2,2,2,2,1,1,1,2,2,1,1,1,2,1,2,1,2,1,
Don Aurelio Chicote,DON-0039,2,2,1,2,2,2,2,2,2,2,2,2,1,2,1,2,1,2,1,2,2,1,
Don Aurelio Chicote,DON-0040,1,2,2,2,1,2,2,2,2,2,2,1,2,2,1,2,2,2,2,2,2,1,9116097657650564187
Don Aurelio Chicote,DON-0041,1,2,2,2,1,2,2,2,2,1,2,2,2,2,2,2,2,2,2,1,2,2,5857175804297000549
Don Aurelio Chicote,DON-0042,2,2,1,2,2,2,2,2,1,2,2,2,2,1,2,2,2,2,2,2,1,2,
Don Aurelio Chicote,DON-0043,2,2,1,2,2,2,1,2,2,1,2,2,2,2,1,1,1,1,2,2,1,2,
Don Aurelio Chicote,DON-0044,2,2,1,2,2,2,1,2,1,2,2,1,2,2,2,1,1,1,1,1,1,2,
Don Aurelio Chicote,DON-0045,2,2,1,2,2,2,1,2,2,1,1,2,2,2,2,2,2,1,1,1,1,1,
Don Aurelio Chicote,DON-0046,2,2,1,2,2,2,2,2,2,1,2,2,2,2,2,1,1,2,1,1,1,1,1279845686385391090
Don Aurelio Chicote,DON-0047,1,2,1,2,1,2,2,2,1,2,2,1,2,2,2,2,1,2,2,2,1,1,
Don Aurelio Chicote,DON-0048,2,2,1,2,2,2,2,2,2,1,2,2,1,1,1,1,1,1,1,2,2,2,
Don Aurelio Chicote,DON-0049,2,2,1,2,2,2,2,2,1,2,2,1,2,2,1,1,1,2,2,2,1,1,3478350350963817527
Don Aurelio Chicote,DON-0050,2,2,2,1,2,2,2,1,2,2,2,1,1,1,2,1,2,1,2,1,2,2,
Don Aurelio Chicote,DON-0051,2,2,1,2,2,2,1,2,1,1,2,1,2,1,2,1,2,1,1,2,2,1,5619788912133828041
Don Aurelio Chicote,DON-0052,2,2,1,2,2,2,1,2,1,1,2,1,2,2,2,2,2,1,2,2,2,2,3754659729521468580
Don Aurelio Chicote,DON-0053,1,2,1,1,1,2,1,2,1,1,1,1,1,1,1,1,2,2,1,1,1,1,
Don Aurelio Chicote,DON-0054,1,2,1,2,1,2,1,2,2,1,2,1,1,1,1,1,2,2,1,1,2,1,
Don Aurelio Chicote,DON-0055,2,2,1,1,2,2,1,2,2,2,2,2,2,2,1,1,1,1,1,1,2,2,3774079296496056136
Don Aurelio Chicote,DON-0056,2,2,1,2,2,2,1,2,2,1,2,2,1,1,2,1,2,1,1,1,2,1,
Don Aurelio Chicote,DON-0057,1,2,1,2,1,2,1,2,1,1,2,1,1,2,2,1,1,2,1,1,1,2,
Don Aurelio Chicote,DON-0058,2,2,1,2,2,2,1,2,2,1,2,1,1,1,1,2,1,2,2,2,1,1,
Don Aurelio Chicote,DON-0059,2,2,1,2,2,2,1,2,1,2,1,1,2,1,2,1,2,1,2,1,1,1,
Don Aurelio Chicote,DON-0060,1,1,1,2,2,2,2,2,1,2,1,1,1,2,1,1,2,1,1,1,1,2,1401498395826117326
Don Aurelio Chicote,DON-0061,2,2,1,2,2,2,2,2,1,2,2,1,2,1,2,2,1,1,2,2,2,2,
Lavigan,LAV-0001,2,2,1,2,2,2,1,2,2,1,1,1,1,1,1,1,2,2,2,2,1,2,
Lavigan,LAV-0002,2,2,1,1,2,2,1,1,1,2,2,2,2,2,2,1,2,2,1,2,2,2,6800377649223124570
Lavigan,LAV-0003,1,2,1,2,2,2,1,2,2,1,2,1,1,2,2,1,2,1,1,1,2,2,
Lavigan,LAV-0004,2,2,1,2,2,2,2,2,2,2,2,2,1,1,1,2,1,2,1,1,2,2,3720645060944255252
Lavigan,LAV-0005,2,2,1,2,2,2,1,2,2,2,2,1,1,1,1,2,1,2,1,1,1,1,
Lavigan,LAV-0006,2,1,1,2,2,1,2,2,1,1,2,1,2,1,2,2,1,2,2,2,1,1,
Lavigan,LAV-0007,1,1,1,2,1,1,1,2,1,1,1,1,2,2,1,1,1,1,1,2,1,1,
Lavigan,LAV-0008,1,2,2,2,2,2,2,2,1,2,2,2,1,2,2,2,2,2,1,1,1,1,
Lavigan,LAV-0009,1,2,1,2,1,2,1,2,1,2,2,1,2,1,1,2,2,2,2,2,2,2,9364780321438167829
Lavigan,LAV-0010,1,2,1,2,2,2,2,2,2,1,2,1,2,1,1,1,2,1,1,2,1,2,
Lavigan,LAV-0011,1,2,1,2,1,2,1,2,2,1,1,2,1,2,2,1,2,1,1,2,1,2,
Lavigan,LAV-0012,1,2,1,1,2,2,1,1,1,2,2,1,1,2,2,1,1,2,1,1,2,1,
Lavigan,LAV-0013,2,2,1,2,2,2,1,2,2,1,2,1,1,1,2,2,1,1,1,2,2,2,
Lavigan,LAV-0014,2,2,1,1,2,2,1,2,2,2,1,2,2,2,2,1,1,2,1,1,2,1,
Lavigan,LAV-0015,1,2,2,2,1,2,2,2,1,1,2,1,2,1,1,2,2,2,1,2,2,1,4486886804925277327
Lavigan,LAV-0016,2,2,1,2,2,2,1,2,2,1,1,2,2,1,1,1,2,1,1,2,2,2,5368925699992204244
Lavigan,LAV-0017,2,2,1,2,2,2,1,2,1,1,1,2,1,1,1,2,1,2,1,1,1,1,5534463455840593622
Lavigan,LAV-0018,2,2,1,2,2,2,2,2,1,2,1,2,2,2,2,1,2,2,2,1,2,1,
Lavigan,LAV-0019,1,2,1,1,1,2,2,2,1,1,2,2,1,2,1,2,1,2,2,1,1,1,1473202258272044100
Lavigan,LAV-0020,1,2,1,2,2,2,2,2,1,1,2,2,1,1,2,2,2,2,2,1,2,2,8737632102727151556
Lavigan,LAV-0021,1,2,1,2,1,2,2,2,2,2,2,2,1,2,1,1,2,1,1,2,2,2,
Lavigan,LAV-0022,2,2,2,2,2,2,2,2,1,2,1,1,2,2,1,1,1,2,1,1,1,2,9848485885217828738
Lavigan,LAV-0023,1,2,2,2,1,2,2,2,2,1,2,2,2,1,1,2,2,2,1,1,1,1,
Lavigan,LAV-0024,2,2,1,2,2,2,1,2,2,1,2,2,2,2,1,1,2,1,2,2,1,2,
Lavigan,LAV-0025,2,2,1,2,2,2,1,2,1,1,1,1,1,1,2,1,2,1,1,2,1,1,1534007246113316818
Lavigan,LAV-0026,1,1,1,2,1,1,1,2,2,1,1,2,2,2,1,2,1,2,1,2,1,1,
Lavigan,LAV-0027,2,2,2,1,2,2,2,1,2,2,2,1,2,1,2,1,2,1,2,1,2,2,3756105728817332378
Lavigan,LAV-0028,2,1,1,2,2,1,2,2,2,1,1,1,1,1,2,2,1,1,1,2,2,2,
Lavigan,LAV-0029,2,2,1,2,2,2,1,2,1,1,1,2,1,2,1,1,2,1,2,1,1,2,
Lavigan,LAV-0030,2,2,1,2,2,2,2,2,2,1,1,2,1,2,1,1,2,1,1,1,2,2,
Lavigan,LAV-0031,2,2,1,2,2,2,1,2,2,1,1,1,1,2,1,2,2,1,1,1,1,2,3078354895562668991
Lavigan,LAV-0032,2,2,1,2,2,2,2,2,2,2,2,1,1,2,2,2,2,1,2,1,2,1,
Lavigan,LAV-0033,2,2,1,2,2,2,2,2,2,1,1,1,2,1,2,1,1,2,2,1,1,2,
Lavigan,LAV-0034,2,2,1,2,2,2,1,2,2,2,2,2,2,1,1,1,2,2,1,2,2,2,
Lavigan,LAV-0035,2,2,1,2,2,2,1,2,2,1,1,1,2,2,1,1,2,2,2,2,2,2,9269834032370885586
Lavigan,LAV-0036,2,1,2,2,2,1,2,2,2,2,2,2,1,1,2,1,1,1,2,2,1,1,
Lavigan,LAV-0037,2,2,1,1,2,2,2,1,2,2,1,1,1,1,1,1,1,2,2,1,2,2,
Lavigan,LAV-0038,2,2,1,1,2,2,1,1,1,2,1,1,1,1,2,2,2,2,1,1,2,2,5816408044105488821
Lavigan,LAV-0039,1,2,1,2,1,2,2,2,2,1,2,2,1,2,1,2,2,1,2,1,1,1,
Lavigan,LAV-0040,1,2,1,2,2,2,2,2,1,1,1,2,1,2,2,2,1,1,1,2,1,1,
Lavigan,LAV-0041,1,2,2,2,1,2,2,2,2,2,2,2,2,1,2,2,1,1,1,2,2,1,
Lavigan,LAV-0042,2,1,1,1,2,1,1,2,1,2,1,2,1,2,2,1,2,2,2,1,2,1,
Lavigan,LAV-0043,2,2,1,2,2,2,1,2,2,1,1,2,2,2,1,1,2,2,2,1,2,2,1222044019960803557
Lavigan,LAV-0044,2,2,1,2,2,2,2,2,2,1,2,1,1,1,2,1,1,1,1,2,2,2,3752337287837530381
Lavigan,LAV-0045,1,1,2,2,1,1,2,2,1,2,1,2,2,2,1,2,2,2,2,2,2,1,
Lavigan,LAV-0046,1,2,1,1,2,2,2,2,1,2,2,1,1,2,1,2,2,1,2,2,2,1,
Lavigan,LAV-0047,2,2,2,2,2,2,2,2,1,2,2,2,2,2,1,2,2,1,2,2,2,1,4508566516004596420
Lavigan,LAV-0048,2,2,1,1,2,2,1,2,1,1,1,1,2,2,2,2,2,1,2,1,2,1,7438627942383411514
Lavigan,LAV-0049,1,1,1,1,2,1,2,1,1,2,2,1,1,2,1,2,1,1,2,1,2,2,
Lavigan,LAV-0050,1,1,1,2,1,1,1,2,1,1,2,2,1,1,1,2,2,2,2,2,2,2,
Lavigan,LAV-0051,2,2,2,2,2,2,2,2,2,2,1,2,1,1,1,1,2,1,2,1,2,1,
Lavigan,LAV-0052,1,2,1,2,1,2,1,2,2,2,2,1,1,1,1,1,1,2,1,1,1,2,
Lavigan,LAV-0053,1,2,1,2,1,2,2,2,1,2,1,1,2,1,1,1,1,2,1,1,1,1,4270841701865043077
Lavigan,LAV-0054,1,1,1,2,2,2,1,2,1,1,1,2,1,2,1,1,2,2,2,1,2,1,
Lavigan,LAV-0055,2,2,1,2,2,2,2,2,2,2,2,2,2,2,2,2,1,1,2,2,1,1,
Lavigan,LAV-0056,2,2,1,2,2,2,2,2,1,1,2,1,1,2,1,2,1,1,1,2,2,1,
Lavigan,LAV-0057,2,2,2,2,2,2,2,2,1,2,1,1,1,2,2,2,2,1,1,1,2,1,
Lavigan,LAV-0058,2,1,1,1,2,1,1,1,2,1,2,2,2,2,1,2,1,2,2,2,1,2,
Luzon,LUZ-0001,1,1,1,2,2,1,1,2,2,1,1,2,2,2,1,1,2,1,2,1,2,2,
Luzon,LUZ-0002,2,2,1,2,2,2,2,2,1,2,2,1,2,1,1,1,1,2,1,1,2,1,
Luzon,LUZ-0003,1,2,1,2,1,2,2,2,1,2,1,2,2,1,1,2,2,1,1,2,1,2,
Luzon,LUZ-0004,2,2,2,2,2,2,2,2,2,2,1,2,2,2,2,2,2,1,2,1,1,2,
Luzon,LUZ-0005,2,2,1,1,2,2,1,1,1,1,1,2,2,1,1,1,2,1,2,1,2,2,
Luzon,LUZ-0006,2,2,1,2,2,2,1,2,1,2,2,2,1,1,1,1,2,2,1,2,1,2,
Luzon,LUZ-0007,1,1,1,1,1,2,2,1,1,2,2,2,2,2,2,1,2,1,2,2,2,1,
Luzon,LUZ-0008,2,2,2,2,2,2,2,2,1,1,1,2,2,2,1,2,1,2,2,1,1,1,3961998822009635418
Luzon,LUZ-0009,2,2,2,1,2,2,2,2,1,2,1,2,2,1,1,2,2,1,1,2,1,1,3120833711292139197
Luzon,LUZ-0010,1,2,1,2,1,2,1,2,1,2,2,1,1,1,2,1,1,2,1,1,1,1,
Luzon,LUZ-0011,1,2,1,2,1,2,2,2,2,2,2,2,1,1,1,1,2,1,2,2,1,1,6781227484380121489
Luzon,LUZ-0012,2,2,1,2,2,2,1,2,2,1,2,1,1,1,1,2,2,2,1,1,1,2,
Luzon,LUZ-0013,1,2,1,1,1,2,2,2,1,1,1,1,2,2,1,2,2,2,2,2,1,1,7313625102181782932
Luzon,LUZ-0014,1,2,1,2,2,2,1,2,2,2,2,2,1,1,1,2,1,2,1,2,1,1,5045907211578520263
Luzon,LUZ-0015,2,2,1,2,2,2,1,2,2,2,1,1,2,1,2,2,1,1,2,2,2,1,6617353432421109339
Luzon,LUZ-0016,1,1,1,2,1,1,2,2,2,2,2,1,1,2,1,2,1,2,2,2,1,2,
Luzon,LUZ-0017,2,2,2,2,2,2,2,2,2,2,1,1,2,2,1,1,1,1,2,2,1,2,4526438612269128048
Luzon,LUZ-0018,1,2,1,2,1,2,2,2,1,1,2,1,2,1,1,2,2,2,2,2,2,2,
Luzon,LUZ-0019,2,2,1,2,2,2,2,2,1,1,2,1,2,2,2,2,1,1,2,2,1,2,
Luzon,LUZ-0020,1,2,1,1,1,2,1,1,1,1,1,2,2,2,1,1,1,1,2,2,2,1,
Luzon,LUZ-0021,1,2,2,2,1,2,2,2,1,1,2,1,1,2,1,2,1,2,1,2,2,1,
Luzon,LUZ-0022,1,2,1,2,2,2,2,2,1,2,1,1,2,1,2,2,1,1,2,2,2,1,
Luzon,LUZ-0023,2,2,1,2,2,2,1,2,1,1,2,2,1,1,1,2,2,1,2,1,2,2,
Luzon,LUZ-0024,1,2,1,2,1,2,1,2,2,2,2,1,2,1,2,2,2,1,2,1,2,1,
Luzon,LUZ-0025,1,2,1,2,2,2,1,2,2,1,1,1,2,1,1,2,1,2,2,1,2,2,6289773563201934428
Luzon,LUZ-0026,2,2,1,1,2,2,1,2,2,1,1,1,2,2,1,1,1,1,2,1,1,2,2544308755791596459
Luzon,LUZ-0027,1,2,1,2,1,2,1,2,1,1,2,2,2,2,1,2,2,1,2,1,2,1,
Luzon,LUZ-0028,1,1,1,2,1,1,1,2,1,1,2,2,1,1,2,2,1,2,2,1,1,1,
Luzon,LUZ-0029,2,1,1,2,2,1,1,2,2,2,2,2,2,1,2,1,2,1,2,2,1,1,8574964343395783296
Luzon,LUZ-0030,1,2,1,1,2,2,1,1,1,1,2,1,2,1,2,2,2,1,1,1,2,1,
Luzon,LUZ-0031,2,2,1,2,2,2,1,2,1,2,2,1,1,2,2,2,1,1,1,2,2,2,
Luzon,LUZ-0032,1,1,1,2,1,1,1,2,1,1,1,1,2,2,1,2,1,1,1,1,1,2,3699740993675125729
Luzon,LUZ-0033,2,2,1,2,2,2,1,2,1,1,1,2,2,1,2,2,1,2,1,2,2,1,
Luzon,LUZ-0034,2,2,1,1,2,2,2,1,1,2,2,1,1,2,1,2,2,2,2,1,1,1,5678912037175194928
Luzon,LUZ-0035,2,1,1,2,2,1,1,2,1,2,2,1,1,1,1,1,2,2,1,2,1,2,
Luzon,LUZ-0036,2,2,1,2,2,2,1,2,1,1,2,2,1,2,2,1,1,2,1,1,2,2,
Luzon,LUZ-0037,1,2,2,2,1,2,2,2,1,2,2,1,2,2,2,1,2,1,2,2,1,1,
Luzon,LUZ-0038,2,2,1,2,2,2,1,2,1,2,2,1,1,2,2,2,2,2,1,2,1,2,
Luzon,LUZ-0039,2,2,1,1,2,2,1,2,1,2,2,1,2,2,1,1,2,1,2,2,2,2,
Luzon,LUZ-0040,2,2,1,2,2,2,1,2,2,1,2,1,1,2,2,2,1,2,2,2,1,1,
Luzon,LUZ-0041,1,2,2,1,2,2,2,2,2,2,1,1,1,2,1,1,1,2,2,2,1,1,
Luzon,LUZ-0042,2,2,1,2,2,2,2,2,2,1,2,1,2,2,1,1,1,1,1,1,2,2,
Luzon,LUZ-0043,2,2,1,2,2,2,1,2,2,2,2,1,2,1,1,2,2,1,2,2,1,2,
Luzon,LUZ-0044,2,1,1,2,2,1,2,2,2,2,1,1,2,1,2,1,1,1,2,1,2,2,
Luzon,LUZ-0045,2,1,2,1,2,1,2,1,2,2,2,1,2,2,1,2,1,2,1,2,1,1,
Luzon,LUZ-0046,2,2,2,2,2,2,2,2,2,2,2,1,2,2,2,1,1,1,1,1,1,2,
Luzon,LUZ-0047,2,2,1,2,2,2,2,2,2,2,1,2,2,2,1,1,2,2,2,1,2,2,
Luzon,LUZ-0048,2,2,1,1,2,2,1,1,2,2,1,1,1,1,1,2,2,1,2,1,2,2,3600303872122065068
Luzon,LUZ-0049,2,2,1,2,2,2,1,2,2,1,2,1,1,1,1,1,2,1,1,1,1,1,1287062772026599923
Luzon,LUZ-0050,1,1,1,2,1,1,1,2,1,1,2,2,1,2,1,1,1,1,1,1,2,2,8391592627221461127
Luzon,LUZ-0051,2,1,1,2,2,1,2,2,2,2,2,1,1,2,1,2,2,1,1,2,1,2,
Luzon,LUZ-0052,1,2,1,2,1,2,2,2,1,2,2,1,1,1,1,1,2,1,1,1,1,2,
Luzon,LUZ-0053,2,2,1,2,2,2,2,2,2,2,1,1,2,1,2,1,1,1,1,2,2,2,
Luzon,LUZ-0054,2,2,2,2,2,2,2,2,1,2,1,1,1,2,2,1,2,1,1,2,1,1,
Luzon,LUZ-0055,1,2,1,2,2,2,1,2,2,2,1,1,1,1,2,2,1,1,1,2,1,1,9037526896951944524
Luzon,LUZ-0056,1,2,1,2,1,2,1,2,1,2,1,1,1,2,2,1,2,2,2,2,2,2,
Luzon,LUZ-0057,2,2,2,2,2,2,2,2,2,2,2,2,1,2,2,1,1,1,2,2,2,1,4130264018022121843
Luzon,LUZ-0058,2,2,1,2,2,2,1,2,1,1,1,2,1,1,1,2,1,1,2,1,1,2,2689261605163645572
Luzon,LUZ-0059,2,2,2,2,2,2,2,2,1,2,1,1,2,2,2,1,1,2,1,1,1,1,
Luzon,LUZ-0060,1,2,1,2,1,2,1,2,1,1,1,2,1,2,2,2,1,1,2,2,2,1,2512019369754614823
Luzon,LUZ-0061,2,1,2,2,2,1,2,2,2,2,2,2,1,1,1,1,1,1,1,1,1,1,
Luzon,LUZ-0062,1,2,1,2,1,2,2,2,2,2,1,1,1,1,2,2,2,2,2,1,1,1,
Luzon,LUZ-0063,2,2,1,1,2,2,1,2,1,1,1,2,2,2,1,2,1,1,2,2,1,2,
Luzon,LUZ-0064,2,1,1,2,2,2,2,2,2,1,1,1,2,1,2,2,1,2,2,2,2,1,
Luzon,LUZ-0065,2,2,1,2,2,2,1,2,1,2,2,1,1,1,2,2,1,2,2,1,1,1,5040660636793102288
Luzon,LUZ-0066,2,2,1,2,2,2,1,2,2,1,2,1,2,2,2,2,1,2,2,1,1,1,
Magdug,MAG-0001,2,2,1,1,2,2,2,1,2,1,2,2,2,1,2,1,1,2,2,2,1,1,
Magdug,MAG-0002,2,2,1,2,2,2,1,2,1,2,1,1,2,1,1,1,2,1,1,2,1,1,
Magdug,MAG-0003,2,2,1,2,2,2,2,2,1,2,1,1,1,1,2,2,1,1,2,1,1,2,
Magdug,MAG-0004,2,1,1,2,2,1,1,2,2,2,2,1,1,1,2,1,1,1,1,1,1,1,
Magdug,MAG-0005,2,2,1,2,2,2,1,2,2,2,2,2,1,1,1,1,1,2,2,2,1,2,
Magdug,MAG-0006,1,2,1,1,1,2,1,2,1,2,1,2,1,2,2,2,2,2,2,1,2,2,8000899197327308276
Magdug,MAG-0007,1,2,1,2,2,2,2,2,1,2,2,1,2,2,2,1,2,2,2,1,1,1,
Magdug,MAG-0008,1,2,1,2,1,2,1,2,2,1,1,2,1,2,1,2,2,1,1,2,2,1,
Magdug,MAG-0009,2,2,2,2,2,2,2,2,1,1,1,2,2,2,1,1,2,1,2,1,1,2,
Magdug,MAG-0010,2,2,1,2,2,2,1,2,1,2,2,1,1,1,2,1,1,2,2,2,2,1,
Magdug,MAG-0011,2,1,1,2,2,1,1,2,1,2,1,2,2,2,2,1,1,2,2,1,2,1,
Magdug,MAG-0012,2,1,1,2,2,1,1,2,1,1,1,1,2,2,2,2,2,2,1,1,1,1,
Magdug,MAG-0013,2,2,1,2,2,2,2,2,2,1,2,1,1,1,2,2,1,1,2,2,2,1,
Magdug,MAG-0014,2,2,1,2,2,2,1,2,2,1,2,1,1,1,2,2,2,1,1,1,2,1,6555847850757850949
Magdug,MAG-0015,2,2,1,2,2,2,2,2,2,2,2,2,2,2,2,2,2,2,2,1,2,2,
Magdug,MAG-0016,1,1,1,2,1,1,1,2,2,2,1,2,2,1,1,1,2,1,2,1,2,1,
Magdug,MAG-0017,1,2,1,1,1,2,2,2,2,1,1,1,2,2,2,1,1,1,2,1,2,1,
Magdug,MAG-0018,1,1,1,2,1,1,1,2,1,1,2,1,2,2,1,2,1,2,2,1,1,2,3688854864633249479
Magdug,MAG-0019,1,2,1,2,1,2,1,2,1,1,1,1,2,1,2,2,1,2,1,2,1,2,7221830886982932208
Magdug,MAG-0020,2,2,2,1,2,2,2,2,1,2,1,1,1,1,2,2,1,1,1,1,1,2,
Magdug,MAG-0021,1,2,2,2,2,2,2,2,1,1,2,2,1,1,1,2,2,2,1,1,1,2,
Magdug,MAG-0022,2,2,1,2,2,2,1,2,2,2,2,2,2,1,2,2,1,1,2,2,1,1,
Magdug,MAG-0023,1,2,1,2,1,2,1,2,1,2,2,2,2,1,2,2,1,1,2,2,1,2,
Magdug,MAG-0024,1,2,1,2,1,2,2,2,1,1,1,2,1,1,1,1,2,2,1,2,1,1,5579061377079325214
Magdug,MAG-0025,1,2,1,2,1,2,1,2,2,1,1,2,2,2,1,2,2,1,1,2,1,2,
Magdug,MAG-0026,2,1,2,2,2,1,2,2,2,1,1,2,2,2,1,1,2,2,2,1,1,2,
Magdug,MAG-0027,2,2,1,2,2,2,2,2,1,2,2,1,1,2,2,1,1,1,1,2,2,1,
Magdug,MAG-0028,1,2,1,2,1,2,1,2,2,2,2,1,1,1,2,1,1,1,2,2,2,1,
Magdug,MAG-0029,2,2,1,2,2,2,1,2,2,2,1,1,2,1,1,1,2,1,2,1,2,2,
Magdug,MAG-0030,2,2,1,2,2,2,1,2,1,2,2,2,2,2,1,2,1,1,2,2,2,1,2734727484796507196
Magdug,MAG-0031,2,2,1,2,2,2,2,2,1,2,2,2,2,1,2,1,2,2,1,2,2,1,
Magdug,MAG-0032,2,2,1,2,2,2,1,2,1,2,1,1,1,1,2,1,1,1,2,1,1,1,
Magdug,MAG-0033,1,1,1,2,1,1,2,2,2,1,2,1,2,1,1,1,1,2,1,2,1,1,
Magdug,MAG-0034,2,2,1,1,2,2,2,1,1,1,1,1,1,1,1,1,2,2,2,1,2,1,
Magdug,MAG-0035,2,2,1,2,2,2,2,2,1,1,1,1,1,2,1,1,1,1,2,1,1,2,
Magdug,MAG-0036,2,1,1,2,2,2,2,2,2,1,2,2,2,1,2,2,1,1,1,2,2,2,
Magdug,MAG-0037,2,1,1,2,2,1,2,2,2,2,2,2,2,2,1,2,1,2,2,1,2,2,
Magdug,MAG-0038,1,2,1,2,1,2,1,2,2,1,2,1,2,2,1,2,1,2,1,1,1,1,
Magdug,MAG-0039,1,2,1,1,1,2,1,1,1,1,1,1,1,2,1,2,1,1,1,1,1,2,
Magdug,MAG-0040,2,1,1,2,2,1,2,2,2,2,2,1,1,1,2,1,1,2,1,2,2,1,
Magdug,MAG-0041,2,2,1,2,2,2,2,2,2,2,2,1,2,1,1,2,2,1,1,1,2,1,
Magdug,MAG-0042,2,2,1,1,2,2,1,1,1,1,2,2,2,1,2,2,1,2,2,2,2,2,
Magdug,MAG-0043,2,2,1,2,2,2,1,2,2,2,2,1,1,1,1,2,1,2,1,2,2,2,3448369370358638301
Magdug,MAG-0044,2,2,1,2,2,2,2,2,1,1,1,2,1,2,2,2,1,2,1,2,1,2,1064949920891093833
Magdug,MAG-0045,1,1,1,1,1,1,2,1,1,1,1,1,2,2,1,2,2,2,1,1,2,1,
Magdug,MAG-0046,2,1,1,2,2,1,1,2,1,1,1,2,2,2,2,1,1,1,2,2,2,2,
Magdug,MAG-0047,2,2,1,2,2,2,1,2,1,1,2,2,1,1,1,1,2,1,2,1,1,2,8672737576215187714
Magdug,MAG-0048,1,1,1,2,2,2,2,2,2,2,2,1,1,1,1,1,2,2,2,1,1,1,
Magdug,MAG-0049,1,2,1,2,1,2,1,2,1,1,1,2,2,1,2,1,1,2,1,1,1,2,
Magdug,MAG-0050,2,2,1,2,2,2,2,2,1,1,1,1,2,1,1,2,2,2,2,1,2,1,5709755506580822500
Magdug,MAG-0051,2,1,1,1,2,1,1,2,2,1,1,1,1,2,1,1,1,1,1,2,2,2,
Magdug,MAG-0052,2,2,1,2,2,2,1,2,2,1,1,2,2,1,2,2,1,2,2,2,2,2,
Monserrat,MON-0001,2,2,1,2,2,2,1,2,1,2,2,2,1,2,2,2,2,2,1,1,2,2,
Monserrat,MON-0002,1,1,1,2,2,1,2,2,2,1,1,1,2,2,2,1,1,2,2,1,1,2,
Monserrat,MON-0003,1,2,1,2,1,2,1,2,2,1,1,2,2,1,1,1,1,1,2,1,2,2,
Monserrat,MON-0004,2,2,1,2,2,2,2,2,1,2,2,2,2,2,2,2,1,1,1,1,2,1,
Monserrat,MON-0005,2,2,1,2,2,2,1,2,1,2,2,1,2,1,1,2,2,1,2,1,2,1,
Monserrat,MON-0006,1,2,1,1,1,2,1,1,2,2,2,1,1,2,1,2,1,2,1,1,2,2,9390483672610447405
Monserrat,MON-0007,1,1,1,2,1,1,1,2,1,2,1,2,1,1,2,1,2,1,1,1,1,1,
Monserrat,MON-0008,2,1,1,2,2,2,1,2,1,1,1,1,1,1,2,1,2,2,2,1,1,1,
Monserrat,MON-0009,2,2,2,2,2,2,2,2,1,2,2,1,2,2,1,1,2,2,2,2,1,2,
Monserrat,MON-0010,2,2,1,2,2,2,1,2,2,2,1,2,2,2,2,2,2,2,2,1,2,2,
Monserrat,MON-0011,2,2,1,2,2,2,2,2,1,1,1,2,2,1,1,2,1,2,2,2,2,2,2043290222556563186
Monserrat,MON-0012,2,2,1,2,2,2,1,2,2,2,1,1,1,2,2,1,1,1,1,2,2,1,
Monserrat,MON-0013,1,2,1,2,2,2,1,2,1,2,2,2,1,2,2,2,2,2,1,1,2,2,
Monserrat,MON-0014,2,2,1,2,2,2,1,2,1,1,2,2,2,2,1,1,1,1,2,2,1,2,
Monserrat,MON-0015,1,2,1,2,1,2,2,2,2,1,1,2,1,2,2,1,2,1,1,2,2,2,
Monserrat,MON-0016,2,2,1,2,2,2,2,2,1,1,2,2,1,1,1,2,2,2,1,1,2,1,9278412050482497125
Monserrat,MON-0017,2,2,1,2,2,2,2,2,1,2,1,2,1,2,2,2,2,1,2,2,2,1,
Monserrat,MON-0018,2,2,1,2,2,2,1,2,2,2,1,2,1,1,1,2,2,1,1,1,1,2,
Monserrat,MON-0019,2,2,1,2,2,2,1,2,1,1,2,1,2,2,2,2,2,2,2,1,2,2,6045694341533583093
Monserrat,MON-0020,1,2,1,1,1,2,2,1,2,2,1,1,2,1,2,2,1,1,1,2,2,2,4053866316665243127
Monserrat,MON-0021,2,2,1,2,2,2,1,2,1,1,1,1,2,2,1,1,1,1,1,2,2,1,
Monserrat,MON-0022,2,1,1,2,2,1,2,2,1,2,1,2,1,1,2,2,2,1,1,2,1,2,
Monserrat,MON-0023,2,2,1,2,2,2,2,2,2,2,2,1,2,1,2,1,2,2,1,1,1,1,
Monserrat,MON-0024,2,2,1,2,2,2,2,2,1,1,2,1,2,1,1,2,1,2,1,1,1,1,
Monserrat,MON-0025,1,2,1,2,2,2,1,2,1,1,2,1,2,1,1,1,1,1,2,1,2,1,
Monserrat,MON-0026,2,2,1,2,2,2,1,2,1,1,1,2,1,1,1,2,2,1,2,1,2,2,
Monserrat,MON-0027,2,2,1,2,2,2,2,2,2,1,1,2,1,2,1,1,1,1,1,1,1,2,
Monserrat,MON-0028,2,2,1,2,2,2,1,2,1,2,1,2,2,2,2,1,1,1,2,1,2,2,
Monserrat,MON-0029,2,2,1,2,2,2,2,2,1,2,1,2,2,2,2,1,2,2,1,2,1,2,
Monserrat,MON-0030,1,2,1,1,1,2,2,2,1,1,1,2,2,1,1,2,1,2,1,1,2,2,
Monserrat,MON-0031,2,2,1,2,2,2,1,2,1,1,1,1,1,2,1,2,1,2,1,2,1,2,3331320828849442767
Monserrat,MON-0032,2,2,2,2,2,2,2,2,1,1,1,1,2,2,1,2,2,2,2,2,1,1,4004126004421081337
Monserrat,MON-0033,2,2,1,2,2,2,1,2,1,2,2,1,1,1,2,1,2,1,2,1,2,2,
Monserrat,MON-0034,2,2,1,1,2,2,2,1,2,2,1,1,2,2,2,1,2,1,1,2,1,2,
Monserrat,MON-0035,2,2,1,1,2,2,2,2,1,1,2,2,2,2,1,1,2,2,2,2,2,1,9951930370549794196
Monserrat,MON-0036,2,2,2,2,2,2,2,2,2,2,1,1,2,2,1,1,1,2,1,2,2,2,
Monserrat,MON-0037,2,2,1,2,2,2,2,2,1,1,1,2,2,1,1,2,1,2,2,2,1,2,
Monserrat,MON-0038,2,2,1,2,2,2,1,2,2,1,1,1,2,1,1,2,1,2,1,1,1,2,
Monserrat,MON-0039,2,2,2,2,2,2,2,2,1,1,2,1,1,1,2,1,2,2,1,2,1,2,
Monserrat,MON-0040,2,2,1,2,2,2,2,2,2,2,2,1,2,1,2,1,1,2,1,1,1,2,
Monserrat,MON-0041,2,2,1,2,2,2,2,2,2,1,1,2,1,2,1,2,1,2,1,2,2,2,7111973574462428659
Monserrat,MON-0042,1,2,2,1,1,2,2,2,1,1,1,2,1,2,2,1,2,1,1,2,2,2,
Monserrat,MON-0043,2,1,1,2,2,2,1,2,2,2,2,2,1,1,2,1,2,1,1,1,2,2,
Nangan,NAN-0001,2,2,1,1,2,2,2,1,1,2,2,2,1,2,2,2,1,2,1,1,2,1,
Nangan,NAN-0002,2,2,1,1,2,2,2,1,1,1,2,2,1,1,2,2,1,2,1,2,2,2,1737137854092235448
Nangan,NAN-0003,2,2,1,1,2,2,2,2,2,2,1,1,2,1,1,1,2,2,2,2,2,2,3381945616265014369
Nangan,NAN-0004,2,2,1,2,2,2,1,2,2,2,2,1,2,2,2,1,2,1,1,1,1,1,4056408689758703950
Nangan,NAN-0005,1,2,1,2,1,2,1,2,2,1,2,2,1,2,2,1,2,2,1,2,1,2,
Nangan,NAN-0006,1,2,2,2,1,2,2,2,1,2,2,1,2,2,1,2,1,1,1,1,1,2,
Nangan,NAN-0007,2,2,1,2,2,2,2,2,1,1,1,2,1,2,2,2,2,2,2,2,2,1,2043087176301475645
Nangan,NAN-0008,1,2,1,2,1,2,1,2,1,2,1,1,2,1,2,2,2,2,2,2,1,1,3065431414319971844
Nangan,NAN-0009,1,2,1,2,1,2,2,2,1,2,1,2,1,2,2,1,1,2,1,1,1,2,
Nangan,NAN-0010,2,2,1,2,2,2,2,2,1,2,2,2,1,2,1,1,1,1,2,2,2,1,
Nangan,NAN-0011,2,2,1,2,2,2,2,2,2,2,2,1,1,2,2,1,1,1,2,2,2,2,
Nangan,NAN-0012,1,2,1,2,1,2,2,2,2,2,1,2,1,2,1,1,1,2,1,2,1,1,2296663882857222086
Nangan,NAN-0013,1,2,1,1,1,2,1,2,2,1,2,2,2,1,2,1,2,1,2,2,2,1,
Nangan,NAN-0014,2,2,1,2,2,2,1,2,2,2,1,2,2,2,1,1,1,1,1,2,1,2,
Nangan,NAN-0015,2,2,1,1,2,2,1,1,2,1,2,2,2,1,1,2,2,2,1,1,1,1,
Nangan,NAN-0016,1,1,1,2,2,1,2,2,1,2,1,1,1,1,1,2,1,2,1,1,1,1,
Nangan,NAN-0017,2,1,1,2,2,1,1,2,2,1,2,1,1,1,2,1,2,1,1,1,1,1,
Nangan,NAN-0018,2,2,1,2,2,2,1,2,2,2,1,1,1,2,2,2,2,2,1,1,1,2,5973049725993200847
Nangan,NAN-0019,1,2,1,2,1,2,1,2,2,2,2,2,2,1,2,1,2,2,1,1,2,1,
Nangan,NAN-0020,2,2,1,2,2,2,1,2,2,1,1,1,1,2,2,2,1,2,2,2,2,1,
Nangan,NAN-0021,2,2,1,2,2,2,2,2,1,1,1,2,2,1,1,1,1,1,1,1,1,2,
Nangan,NAN-0022,2,2,1,2,2,2,1,2,2,2,2,1,1,2,2,2,2,1,1,1,1,1,
Nangan,NAN-0023,1,2,1,2,1,2,1,2,1,1,2,1,1,1,2,1,1,1,2,1,1,2,7480104800472573579
Nangan,NAN-0024,1,1,1,2,1,1,1,2,1,1,1,1,1,1,1,2,2,2,2,2,1,1,4408864516555635570
Nangan,NAN-0025,1,2,1,2,2,2,1,2,2,2,1,2,2,1,2,2,2,1,2,2,1,1,
Nangan,NAN-0026,2,2,1,2,2,2,1,2,2,2,1,1,1,2,2,2,2,1,2,2,1,1,4100721797823923647
Nangan,NAN-0027,1,1,1,2,2,1,1,2,2,2,1,1,2,2,2,1,2,2,1,2,2,2,
Nangan,NAN-0028,1,1,1,2,1,1,2,2,2,2,1,1,1,2,1,1,2,2,2,1,2,1,
Nangan,NAN-0029,2,2,2,2,2,2,2,2,1,1,2,1,1,1,2,1,2,2,1,1,1,1,1657853144297752744
Nangan,NAN-0030,2,1,1,2,2,1,1,2,1,1,2,1,1,2,1,2,1,1,1,2,1,1,
Nangan,NAN-0031,1,2,1,2,1,2,1,2,2,1,2,2,1,2,1,2,1,2,1,1,1,1,
Nangan,NAN-0032,1,2,1,1,1,2,2,1,2,2,1,2,1,2,2,2,2,1,2,1,2,2,
Nangan,NAN-0033,2,2,1,2,2,2,2,2,1,2,2,1,2,2,2,1,2,1,1,2,2,2,8926972790478078830
Nangan,NAN-0034,2,2,1,2,2,2,1,2,1,1,1,2,1,1,1,2,2,1,2,1,2,2,
Nangan,NAN-0035,1,2,1,2,2,2,1,2,2,2,1,2,2,2,1,1,2,1,2,2,2,2,
Nangan,NAN-0036,1,2,2,2,1,2,2,2,2,2,1,2,2,1,2,1,2,2,1,1,1,2,4045434777772004102
Nangan,NAN-0037,2,1,2,2,2,1,2,2,1,1,1,1,1,1,1,2,2,1,2,1,1,1,4081148503370477067
Nangan,NAN-0038,2,2,1,2,2,2,2,2,1,2,1,2,1,1,1,2,2,1,2,2,1,2,
Nangan,NAN-0039,2,2,1,2,2,2,2,2,2,2,1,2,1,1,1,2,2,1,2,1,1,1,6430269958833610117
Nangan,NAN-0040,2,2,1,2,2,2,2,2,1,1,2,1,2,1,1,2,2,2,2,1,2,2,1631045571559130654
Nangan,NAN-0041,1,2,1,2,2,2,2,2,1,2,1,2,2,1,1,1,2,1,1,2,1,1,8294231714131673028
Nangan,NAN-0042,2,2,1,2,2,2,1,2,2,2,1,2,1,1,1,2,2,2,1,2,1,1,
Nangan,NAN-0043,2,1,1,2,2,1,1,2,2,1,2,1,1,2,1,2,2,1,1,1,2,2,
Nangan,NAN-0044,2,2,1,2,2,2,2,2,2,2,1,2,1,1,2,2,2,2,2,2,1,1,
Nangan,NAN-0045,2,2,1,2,2,2,1,2,2,1,2,2,1,2,1,1,2,2,2,1,2,1,5304127514934238789
Nangan,NAN-0046,1,2,1,2,2,2,2,2,1,1,1,1,1,2,1,2,2,1,1,2,2,2,
Nangan,NAN-0047,1,2,2,2,1,2,2,2,1,1,2,2,1,2,2,2,2,2,1,1,2,2,
Nangan,NAN-0048,1,2,2,2,1,2,2,2,2,2,2,1,1,1,2,2,2,2,2,1,1,1,8764057048770930044
Nangan,NAN-0049,2,2,1,2,2,2,2,2,2,2,2,2,1,1,1,2,1,1,1,1,1,2,3830690008951894823
Nangan,NAN-0050,2,1,1,2,2,1,1,2,2,1,1,2,2,2,1,1,2,1,1,1,2,2,2113451166564404970
Nangan,NAN-0051,1,1,1,2,1,1,1,2,1,1,2,1,1,2,2,1,2,2,2,1,1,1,1541056633377417781
Nangan,NAN-0052,2,2,1,2,2,2,1,2,1,2,2,2,1,2,1,1,2,1,2,2,1,2,
Nangan,NAN-0053,2,2,1,2,2,2,1,2,1,2,2,2,2,2,2,2,2,2,2,1,2,1,1126848035156286370
Nangan,NAN-0054,2,1,1,2,2,1,2,2,2,2,2,1,1,1,2,2,2,1,1,1,1,2,
Nangan,NAN-0055,2,1,1,2,2,2,1,2,1,1,2,2,1,2,1,2,2,1,1,1,2,1,
Nangan,NAN-0056,2,2,1,2,2,2,1,2,1,1,1,1,1,1,1,2,2,2,2,1,1,2,
Nangan,NAN-0057,1,1,1,2,1,1,1,2,1,2,2,2,1,2,1,1,2,2,1,1,2,1,9706673105951361315
Nangan,NAN-0058,1,2,1,2,1,2,2,2,1,1,2,1,2,1,1,1,1,2,1,2,2,2,
Nangan,NAN-0059,2,2,1,1,2,2,1,1,1,2,2,2,2,2,1,1,2,2,2,2,2,1,
Nangan,NAN-0060,1,2,1,2,1,2,1,2,2,1,2,1,1,2,2,2,2,2,2,1,2,1,
Nangan,NAN-0061,2,2,1,2,2,2,2,2,2,2,2,1,1,1,2,2,1,2,1,1,1,2,6190775681894577200
Nangan,NAN-0062,1,2,1,2,1,2,1,2,1,2,2,2,1,1,2,1,2,1,1,1,2,2,
Nangan,NAN-0063,1,2,2,2,1,2,2,2,2,2,1,1,2,1,2,2,1,1,1,2,1,1,
Nangan,NAN-0064,2,1,1,2,2,1,2,2,2,1,1,1,2,1,2,2,2,2,2,1,1,1,
Nangan,NAN-0065,1,1,1,2,1,1,2,2,2,1,1,1,1,1,1,1,1,2,1,1,1,2,
Nangan,NAN-0066,2,2,1,2,2,2,1,2,1,2,2,2,1,1,1,2,1,2,1,2,2,1,
Nangan,NAN-0067,2,1,1,2,2,1,1,2,2,1,1,1,2,1,2,2,2,1,2,2,2,1,
Nangan,NAN-0068,2,2,1,2,2,2,2,2,1,1,2,2,2,1,2,2,1,2,2,1,2,1,9660577394369770436
Nangan,NAN-0069,1,2,1,2,2,2,2,2,2,2,2,1,1,1,2,2,1,1,2,2,2,2,4391349712181944597
Nangan,NAN-0070,2,1,1,1,2,1,1,1,1,1,1,1,1,1,2,2,2,1,1,2,2,2,
Nangan,NAN-0071,2,1,1,2,2,1,2,2,2,1,1,1,2,2,1,2,1,2,2,2,2,2,5436106859727937698
Nangan,NAN-0072,1,2,1,2,1,2,2,2,1,1,2,2,1,1,2,1,1,2,1,1,2,2,
Nangan,NAN-0073,1,2,1,2,1,2,2,2,1,2,1,1,2,2,2,1,2,1,2,1,1,1,
Nangan,NAN-0074,2,2,2,2,2,2,2,2,1,1,2,1,1,1,1,2,2,1,2,1,1,1,6631272282176954594
Nangan,NAN-0075,2,2,1,2,2,2,1,2,1,1,2,2,2,1,2,1,2,1,2,2,2,2,6962179859390118423
Nangan,NAN-0076,2,2,1,2,2,2,2,2,1,1,2,2,1,2,2,1,2,2,1,1,1,2,
Nangan,NAN-0077,2,2,1,2,2,2,1,2,2,1,2,2,2,2,2,2,1,1,1,2,1,1,
Nangan,NAN-0078,2,1,1,2,2,1,1,2,1,1,2,2,2,1,2,1,2,1,1,1,2,1,
Nangan,NAN-0079,2,2,1,2,2,2,1,2,2,2,1,1,1,2,1,2,1,2,2,1,2,2,6790327987695079671
Nangan,NAN-0080,2,2,1,2,2,2,1,2,1,1,2,2,2,1,1,1,2,2,1,1,1,1,7352258512956187911
Nangan,NAN-0081,2,1,1,2,2,1,1,2,2,2,2,1,2,1,2,1,2,2,2,2,1,1,
Nangan,NAN-0082,2,2,1,2,2,2,2,2,1,2,1,2,1,2,1,2,2,1,1,1,2,2,
Nangan,NAN-0083,2,2,1,2,2,2,1,2,2,1,1,1,2,1,1,1,2,2,1,2,2,1,
Nangan,NAN-0084,2,2,1,2,2,2,1,2,2,1,1,1,1,2,2,2,1,1,2,2,2,2,8562074858249236312
Nangan,NAN-0085,2,1,1,2,2,1,1,2,2,2,1,1,2,1,2,1,2,1,2,1,2,2,8692266130974136451
Nangan,NAN-0086,2,2,1,2,2,2,1,2,1,2,2,2,1,1,2,2,2,1,2,2,2,2,
Nangan,NAN-0087,2,2,1,2,2,2,1,2,2,1,2,2,1,2,2,2,2,2,1,2,1,2,
Nangan,NAN-0088,2,2,1,2,2,2,2,2,2,1,2,1,2,1,1,2,2,1,1,2,2,2,
Nangan,NAN-0089,2,2,1,2,2,2,1,2,2,2,2,1,1,1,2,1,2,2,1,1,1,2,
Nangan,NAN-0090,2,1,2,2,2,1,2,2,2,2,1,1,1,1,1,1,2,2,2,2,1,2,3464854486917816275
Nangan,NAN-0091,2,2,1,2,2,2,1,2,1,1,2,2,1,1,2,1,2,2,2,2,2,1,
Nangan,NAN-0092,2,2,1,2,2,2,1,2,2,2,2,2,1,2,1,1,1,1,1,2,1,2,
Nangan,NAN-0093,2,2,1,2,2,2,1,2,1,1,2,1,2,2,1,1,1,2,2,1,2,1,
Nangan,NAN-0094,2,1,1,2,2,1,1,2,1,1,1,2,1,1,1,1,2,2,1,2,2,2,9951541151209888162
Nangan,NAN-0095,2,2,1,2,2,2,2,2,1,1,1,1,1,2,1,1,2,2,2,2,2,2,
Nangan,NAN-0096,2,2,1,2,2,2,2,2,2,2,2,1,2,2,1,2,2,2,1,1,1,1,9768756902530674172
Nangan,NAN-0097,1,2,1,1,1,2,1,2,1,2,1,1,2,2,2,2,1,1,2,2,1,1,
Nangan,NAN-0098,1,2,1,2,2,2,1,2,2,2,1,1,1,2,1,2,2,2,2,2,1,2,
Nangan,NAN-0099,2,2,1,2,2,2,1,2,1,2,2,1,2,2,1,2,1,2,1,2,2,2,
Nangan,NAN-0100,2,2,1,2,2,2,1,2,1,2,1,2,1,2,1,1,1,1,2,2,1,1,
Nangan,NAN-0101,2,2,1,2,2,2,2,2,1,2,1,2,2,1,1,2,2,2,1,1,1,1,
Nangan,NAN-0102,2,1,1,2,2,2,2,2,2,2,1,2,1,2,2,1,2,1,2,1,2,2,
Nangan,NAN-0103,2,1,1,2,2,1,1,2,2,2,2,2,1,1,1,2,1,1,2,2,2,1,6067287625503759198
Nangan,NAN-0104,2,2,1,2,2,2,2,2,1,1,2,1,1,2,1,2,1,2,1,2,1,2,
Nangan,NAN-0105,2,2,1,1,2,2,2,1,1,1,2,1,1,2,1,2,2,1,2,2,2,1,
Nangan,NAN-0106,1,2,1,2,1,2,2,2,1,2,2,2,1,2,2,2,2,1,1,2,1,2,6571625670241969539
Nangan,NAN-0107,2,2,1,2,2,2,1,2,2,2,2,1,2,2,2,2,1,2,2,1,2,1,
Nangan,NAN-0108,1,2,1,1,1,2,2,1,2,2,1,1,2,1,2,2,2,1,1,1,2,2,
Nangan,NAN-0109,1,2,1,2,1,2,2,2,1,1,1,2,2,1,1,1,2,1,1,2,1,2,
Nangan,NAN-0110,2,2,1,2,2,2,2,2,1,2,1,1,2,1,1,2,2,1,2,2,1,2,
Nangan,NAN-0111,1,2,1,2,2,2,1,2,1,1,2,1,1,2,1,2,2,1,2,1,2,1,4889111763928413796
Nangan,NAN-0112,2,1,1,2,2,1,1,2,1,2,2,1,1,2,2,2,2,1,2,2,1,2,1467280819955059193
Oregon,ORE-0001,2,2,1,2,2,2,1,2,2,1,1,1,1,1,1,1,1,2,2,2,1,1,
Oregon,ORE-0002,2,2,1,1,2,2,2,2,1,1,2,2,2,1,2,1,2,2,1,2,2,1,4280944186137813672
Oregon,ORE-0003,1,2,1,2,2,2,2,2,1,2,1,1,2,2,1,2,2,1,1,2,2,2,4131353519075741486
Oregon,ORE-0004,2,2,1,2,2,2,1,2,1,2,2,1,1,2,2,1,2,2,2,1,1,2,
Oregon,ORE-0005,1,2,1,2,1,2,2,2,2,2,1,1,1,2,1,1,2,2,2,2,2,2,5918106874946663649
Oregon,ORE-0006,2,2,1,2,2,2,2,2,2,2,1,1,1,2,1,2,1,2,1,2,2,2,7100306187663492232
Oregon,ORE-0007,1,1,1,2,2,1,1,2,2,2,2,2,1,1,2,2,2,2,1,2,1,2,7464655954952922077
Oregon,ORE-0008,1,2,1,2,1,2,1,2,1,2,2,1,1,2,2,2,2,2,1,1,2,1,2386189931881037746
Oregon,ORE-0009,2,1,1,2,2,1,1,2,1,1,1,1,2,2,1,2,1,2,2,2,2,1,
Oregon,ORE-0010,2,2,2,2,2,2,2,2,1,2,1,1,2,2,2,1,1,2,1,1,2,2,8653098527324850747
Oregon,ORE-0011,1,2,1,1,1,2,1,1,2,1,2,2,2,1,2,2,1,2,2,2,2,2,8862878752940322645
Oregon,ORE-0012,1,2,1,2,1,2,1,2,2,1,2,2,1,1,2,1,2,2,2,1,1,2,4031545737330791715
Oregon,ORE-0013,2,1,1,2,2,2,1,2,1,2,2,2,1,2,2,2,1,2,2,1,2,2,
Oregon,ORE-0014,1,1,1,2,2,1,2,2,1,1,1,2,1,2,1,1,2,2,1,2,2,1,
Oregon,ORE-0015,2,2,2,2,2,2,2,2,2,1,1,2,1,2,1,2,1,2,2,1,2,1,1077701353903356408
Oregon,ORE-0016,1,2,2,1,1,2,2,2,2,2,1,2,2,2,1,1,1,2,1,2,2,2,8785688485905584259
Oregon,ORE-0017,1,2,1,2,1,2,2,2,1,2,1,1,2,2,2,1,1,2,1,1,1,2,
Oregon,ORE-0018,1,2,1,2,2,2,1,2,2,2,2,1,1,2,2,2,1,1,2,1,2,2,
Oregon,ORE-0019,2,2,1,2,2,2,2,2,2,1,1,1,1,1,2,2,1,1,1,1,1,2,
Oregon,ORE-0020,2,2,1,2,2,2,1,2,2,2,2,1,1,2,2,1,1,2,1,2,2,1,
Oregon,ORE-0021,1,2,1,2,1,2,1,2,2,1,1,1,1,2,1,2,2,1,2,1,2,1,
Oregon,ORE-0022,1,1,1,2,1,1,1,2,1,1,2,2,1,1,2,2,1,2,1,1,2,1,
Oregon,ORE-0023,2,2,2,2,2,2,2,2,1,2,1,1,1,1,2,2,2,2,2,2,1,1,
Oregon,ORE-0024,1,2,1,1,1,2,1,1,2,1,2,1,1,2,2,1,1,1,2,1,2,1,
Oregon,ORE-0025,2,2,2,1,2,2,2,2,1,1,1,2,2,1,2,1,2,1,2,2,2,2,4256301992672062760
Oregon,ORE-0026,2,2,2,1,2,2,2,1,1,1,1,2,2,2,1,2,2,2,2,2,1,2,7100851657337618174
Poblacion,POB-0001,1,1,1,2,2,1,1,2,1,1,2,2,2,2,1,2,2,2,2,1,1,1,
Poblacion,POB-0002,1,2,1,2,1,2,1,2,2,2,1,1,2,1,2,2,2,1,1,1,2,2,
Poblacion,POB-0003,1,2,2,2,1,2,2,2,1,1,1,2,2,1,1,1,2,1,1,2,2,2,
Poblacion,POB-0004,2,2,2,2,2,2,2,2,1,2,2,1,2,1,2,2,1,2,2,2,2,2,
Poblacion,POB-0005,2,2,1,2,2,2,1,2,2,1,2,2,2,1,2,1,1,1,1,2,2,1,
Poblacion,POB-0006,1,2,1,2,2,2,1,2,2,1,2,2,2,2,1,2,1,2,2,1,2,1,
Poblacion,POB-0007,2,1,1,2,2,1,2,2,2,2,2,1,2,2,2,1,1,2,2,1,2,1,2443161805537329829
Poblacion,POB-0008,2,2,1,2,2,2,2,2,1,2,2,1,1,1,1,1,1,1,2,1,1,1,
Poblacion,POB-0009,1,1,1,2,1,2,2,2,1,1,2,2,1,1,2,1,1,2,2,2,2,2,
Poblacion,POB-0010,1,2,1,2,1,2,2,2,2,2,2,2,2,1,1,1,1,1,1,2,2,1,3357101801170049544
Poblacion,POB-0011,2,2,2,2,2,2,2,2,1,1,2,2,2,1,1,1,2,1,2,1,1,1,3487307362580005968
Poblacion,POB-0012,1,2,1,1,1,2,1,1,1,2,1,1,2,1,2,1,2,2,2,2,2,2,5578528587111588092
Poblacion,POB-0013,1,2,1,1,1,2,2,2,1,1,1,1,1,1,2,2,1,2,1,1,1,2,9798097658822622432
Poblacion,POB-0014,1,2,2,2,2,2,2,2,2,1,1,2,1,2,2,2,1,1,2,2,1,1,
Poblacion,POB-0015,2,2,1,2,2,2,1,2,2,1,1,2,1,1,1,2,1,1,2,2,2,2,4866214018044583445
Poblacion,POB-0016,2,2,1,2,2,2,1,2,1,1,1,2,1,2,1,1,1,2,1,1,2,2,7071959303131922622
Poblacion,POB-0017,1,2,1,1,1,2,1,2,1,2,1,1,2,2,1,2,2,2,1,1,1,2,
Poblacion,POB-0018,2,2,1,2,2,2,1,2,1,1,2,1,1,2,2,1,1,2,1,2,1,1,
Poblacion,POB-0019,2,2,1,2,2,2,1,2,1,1,1,2,2,2,1,1,1,2,1,1,2,1,
Poblacion,POB-0020,2,2,1,2,2,2,2,2,1,2,2,1,1,2,1,1,1,2,2,1,2,2,6218906080543343894
Poblacion,POB-0021,2,2,2,1,2,2,2,2,1,2,1,1,1,2,2,1,2,2,2,1,2,1,5552909958433736082
Poblacion,POB-0022,2,2,1,2,2,2,1,2,1,2,1,1,1,2,1,2,1,1,2,1,1,2,
Poblacion,POB-0023,1,2,1,2,2,2,1,2,1,2,2,2,2,2,2,2,2,1,1,1,1,2,
Poblacion,POB-0024,2,1,1,1,2,1,1,2,1,2,2,1,2,1,2,1,2,2,1,2,1,1,9915007891891164397
Poblacion,POB-0025,1,2,1,1,1,2,2,1,2,1,2,2,1,2,1,1,1,1,2,2,1,2,
Poblacion,POB-0026,2,2,1,2,2,2,1,2,1,1,2,1,2,2,2,1,2,1,2,2,2,1,
Poblacion,POB-0027,2,2,1,2,2,2,1,2,2,2,1,1,1,1,2,2,1,2,1,2,1,2,
Poblacion,POB-0028,2,2,1,2,2,2,2,2,1,2,2,1,2,1,1,1,2,2,2,1,1,2,
Poblacion,POB-0029,1,2,2,1,2,2,2,2,2,2,1,2,1,1,1,1,2,1,1,1,1,2,2720696896909169989
Poblacion,POB-0030,1,1,2,2,1,1,2,2,2,1,2,1,1,1,1,2,2,1,1,1,2,1,
Poblacion,POB-0031,1,1,1,2,1,1,2,2,1,1,2,1,2,2,2,2,2,1,1,2,2,2,3584462709170197877
Poblacion,POB-0032,2,2,1,2,2,2,1,2,2,1,2,1,1,1,2,1,2,1,1,2,2,1,
Poblacion,POB-0033,1,2,1,2,1,2,1,2,1,1,2,2,1,1,2,2,2,1,2,2,2,1,
Poblacion,POB-0034,1,2,1,2,1,2,1,2,1,2,2,2,1,1,2,1,2,1,2,1,1,2,
Poblacion,POB-0035,2,2,2,2,2,2,2,2,1,2,2,2,2,1,2,1,2,1,1,1,1,2,
Poblacion,POB-0036,1,2,1,1,1,2,1,1,1,1,2,2,1,2,2,2,1,1,2,2,1,2,
Poblacion,POB-0037,1,2,1,2,2,2,2,2,2,1,2,2,2,2,2,2,1,2,1,1,1,1,
Poblacion,POB-0038,2,2,1,2,2,2,1,2,2,2,1,1,1,1,2,1,1,2,2,2,1,1,
Poblacion,POB-0039,2,2,1,2,2,2,1,2,1,1,2,1,1,2,1,1,2,2,2,2,1,1,5895387687727895070
Poblacion,POB-0040,2,2,1,2,2,2,1,2,1,2,1,2,2,1,1,1,1,1,2,1,1,1,
Poblacion,POB-0041,2,2,2,2,2,2,2,2,2,2,2,2,1,2,1,2,1,1,1,1,1,2,6433311422860909003
Poblacion,POB-0042,1,2,1,1,2,2,2,2,2,2,1,1,2,1,1,2,2,1,1,2,2,2,
Poblacion,POB-0043,2,2,1,1,2,2,2,1,2,1,2,2,1,1,2,2,2,2,2,2,2,2,8199451586454351804
Poblacion,POB-0044,2,2,2,2,2,2,2,2,2,2,2,2,1,1,2,2,2,2,1,2,1,1,3764398432705335343
Poblacion,POB-0045,2,2,1,2,2,2,1,2,1,2,1,1,1,1,1,2,2,2,2,1,2,2,
Poblacion,POB-0046,2,2,1,2,2,2,1,2,2,2,1,2,2,2,2,1,2,1,1,1,2,2,2006380233001475393
Poblacion,POB-0047,2,2,1,2,2,2,2,2,1,2,1,2,2,1,2,1,1,1,1,2,2,1,
Poblacion,POB-0048,1,2,2,2,2,2,2,2,1,2,1,2,2,1,1,2,2,2,1,2,2,2,
Poblacion,POB-0049,1,2,1,1,1,2,1,2,2,1,2,1,1,1,2,2,2,1,2,2,2,2,
Poblacion,POB-0050,2,2,1,2,2,2,2,2,1,1,1,2,1,1,2,1,2,2,1,2,1,1,3700029167410009558
Poblacion,POB-0051,1,2,1,2,2,2,2,2,1,2,2,2,1,1,1,1,2,2,2,1,2,2,
Poblacion,POB-0052,2,2,1,2,2,2,1,2,2,1,1,1,1,1,2,1,2,1,1,1,2,1,
Poblacion,POB-0053,2,2,1,2,2,2,1,2,1,2,2,2,2,2,1,1,1,2,1,2,1,1,
Poblacion,POB-0054,2,2,1,2,2,2,2,2,1,2,2,1,2,1,1,1,1,1,1,2,2,2,
Poblacion,POB-0055,2,1,1,2,2,1,1,2,1,1,1,1,1,1,1,1,1,2,1,2,1,1,
Poblacion,POB-0056,2,2,2,1,2,2,2,1,2,1,2,1,1,2,1,2,1,2,1,1,2,2,
Poblacion,POB-0057,2,2,1,2,2,2,1,2,1,2,2,1,1,1,2,1,1,1,1,1,2,1,3002638880342181430
Poblacion,POB-0058,2,2,1,2,2,2,2,2,1,1,2,2,1,1,2,1,1,1,2,1,2,2,
Poblacion,POB-0059,2,1,2,2,2,1,2,2,1,1,2,2,1,2,1,2,2,2,1,1,2,1,
Poblacion,POB-0060,1,2,1,2,1,2,2,2,1,1,2,1,1,1,1,2,1,2,1,1,2,2,9862601029475787455
Poblacion,POB-0061,2,2,1,2,2,2,1,2,1,1,2,2,2,2,1,2,2,1,2,1,2,2,
Poblacion,POB-0062,1,1,2,2,1,2,2,2,2,1,1,1,2,2,1,2,1,1,1,2,1,1,
Poblacion,POB-0063,2,2,2,2,2,2,2,2,2,1,1,2,1,1,1,2,2,1,2,2,1,1,4715752730534940860
Poblacion,POB-0064,2,2,1,2,2,2,2,2,1,2,2,2,2,2,2,1,2,1,1,2,1,2,
Poblacion,POB-0065,2,2,1,2,2,2,2,2,2,1,2,2,1,1,1,2,1,2,1,1,1,1,
Poblacion,POB-0066,1,2,1,1,1,2,1,2,1,1,1,2,2,1,2,1,2,2,1,2,2,1,7037558063530813622
Poblacion,POB-0067,1,1,1,2,1,1,2,2,2,2,1,2,2,2,1,1,1,1,1,1,2,1,
Poblacion,POB-0068,2,2,1,2,2,2,1,2,1,2,2,1,1,2,2,1,1,1,2,2,1,2,
Poblacion,POB-0069,2,2,1,2,2,2,1,2,1,1,2,2,2,1,1,1,1,1,2,2,2,2,
Poblacion,POB-0070,1,1,1,2,1,1,1,2,1,1,2,2,1,2,2,1,1,1,1,1,1,1,
Poblacion,POB-0071,2,2,1,2,2,2,1,2,2,1,1,1,1,1,2,1,1,1,1,2,2,1,
Poblacion,POB-0072,2,2,1,2,2,2,1,2,1,1,2,2,1,2,1,1,2,2,2,1,1,1,
Poblacion,POB-0073,2,1,1,2,2,1,2,2,2,2,2,1,2,1,1,2,1,2,1,2,1,2,
Poblacion,POB-0074,2,2,1,2,2,2,1,2,2,2,1,1,1,2,1,1,2,1,2,1,2,2,
Poblacion,POB-0075,1,1,1,2,2,1,1,2,1,1,2,1,2,2,1,2,1,2,1,2,2,1,8496897499091432726
Poblacion,POB-0076,1,1,1,2,1,1,2,2,1,1,2,2,2,2,2,1,2,2,2,2,1,2,
Poblacion,POB-0077,1,2,1,2,2,2,1,2,1,2,1,2,2,1,2,1,2,1,1,2,2,2,
Poblacion,POB-0078,2,2,2,2,2,2,2,2,2,2,1,1,2,1,2,1,1,1,2,1,2,1,
Poblacion,POB-0079,1,2,1,1,1,2,1,2,2,2,2,2,2,1,1,1,1,1,1,1,2,2,2256263011396282897
Poblacion,POB-0080,1,2,1,1,1,2,2,2,2,1,2,1,1,2,1,2,1,1,1,1,2,1,
Poblacion,POB-0081,2,2,1,2,2,2,2,2,2,1,1,1,2,2,2,1,1,2,1,2,2,1,7151379756126327387
Poblacion,POB-0082,1,2,1,1,1,2,1,2,1,1,2,1,2,1,1,2,2,2,2,1,2,2,1910206815176110361
Poblacion,POB-0083,1,1,1,2,1,1,2,2,1,1,2,1,2,1,1,1,1,2,1,2,2,1,
Poblacion,POB-0084,2,2,2,2,2,2,2,2,1,2,1,2,1,1,1,1,2,1,1,1,1,1,9723245512042022076
Poblacion,POB-0085,2,2,1,2,2,2,1,2,2,2,2,1,1,2,1,1,1,1,1,2,1,1,
Poblacion,POB-0086,2,2,1,2,2,2,1,2,1,2,1,2,2,2,2,1,1,2,2,1,1,2,
Poblacion,POB-0087,2,1,1,2,2,2,2,2,1,1,1,2,2,1,2,1,2,1,2,1,2,2,
Poblacion,POB-0088,1,2,1,2,1,2,1,2,2,2,1,2,1,1,2,2,2,2,2,2,2,2,
Poblacion,POB-0089,1,2,1,2,1,2,1,2,1,1,2,2,2,1,1,1,2,2,1,1,1,2,
Poblacion,POB-0090,2,2,1,2,2,2,1,2,1,1,2,2,2,2,2,2,2,2,2,2,1,1,8365789727855569905
Poblacion,POB-0091,2,2,1,2,2,2,2,2,2,1,1,2,1,1,2,1,2,2,1,1,1,1,
Poblacion,POB-0092,1,2,1,2,1,2,1,2,1,1,2,2,2,1,2,1,1,2,1,2,1,2,
Poblacion,POB-0093,2,1,1,2,2,1,1,2,1,1,1,1,1,1,1,1,1,1,2,1,1,1,
Poblacion,POB-0094,2,2,1,2,2,2,1,2,2,2,1,2,1,1,2,1,2,2,2,1,2,2,8174202126995440642
Poblacion,POB-0095,2,2,1,2,2,2,1,2,2,1,1,1,2,1,1,2,1,2,2,1,1,2,
Poblacion,POB-0096,2,2,1,2,2,2,1,2,2,2,1,2,1,1,1,1,2,2,1,1,1,2,
Poblacion,POB-0097,1,2,1,2,1,2,2,2,2,1,1,1,1,1,2,1,2,2,2,2,2,1,8943203004972294379
Poblacion,POB-0098,1,2,1,2,2,2,1,2,1,2,2,1,1,1,2,1,1,2,2,2,2,1,7706099438168230249
Poblacion,POB-0099,2,2,1,1,2,2,2,1,2,2,2,1,1,2,1,1,2,2,2,2,1,2,
Poblacion,POB-0100,1,1,1,2,1,1,1,2,1,2,2,2,1,1,2,2,1,2,1,2,2,1,8183259734647936161
Poblacion,POB-0101,2,2,1,2,2,2,1,2,2,2,2,1,1,2,1,1,2,2,2,2,1,2,
Poblacion,POB-0102,2,2,1,2,2,2,2,2,1,1,1,2,1,1,2,2,2,2,2,1,1,2,
Poblacion,POB-0103,1,2,1,2,1,2,2,2,2,1,1,2,2,2,1,2,1,2,2,1,2,1,
Poblacion,POB-0104,2,2,1,1,2,2,2,1,1,2,2,1,2,2,2,2,2,1,2,2,1,1,4361268002167136906
Poblacion,POB-0105,1,2,2,2,1,2,2,2,2,2,2,2,2,2,1,2,2,1,1,1,2,2,
Poblacion,POB-0106,2,1,1,2,2,1,2,2,1,2,1,2,2,1,2,1,1,1,1,2,1,2,
Poblacion,POB-0107,2,2,1,2,2,2,2,2,2,2,2,2,1,1,1,2,2,2,2,2,1,2,
Poblacion,POB-0108,2,2,1,2,2,2,1,2,1,2,1,2,1,2,1,1,1,1,2,2,1,1,6866417354882307574
Poblacion,POB-0109,2,2,1,1,2,2,1,2,1,1,2,2,2,1,2,1,1,1,2,1,2,2,1134862524292782640
Poblacion,POB-0110,2,2,2,2,2,2,2,2,1,1,2,2,1,1,1,1,1,2,2,2,1,1,
Poblacion,POB-0111,2,2,1,2,2,2,2,2,1,1,2,2,2,1,1,1,1,1,1,2,2,1,
Poblacion,POB-0112,2,1,2,2,2,2,2,2,2,2,2,1,2,2,2,1,1,1,1,1,2,2,
Poblacion,POB-0113,1,2,1,2,1,2,2,2,2,1,1,1,1,2,1,2,1,2,2,2,1,2,8131915187597489696
Poblacion,POB-0114,2,2,2,2,2,2,2,2,1,2,1,2,1,2,2,1,2,2,2,1,2,1,
Poblacion,POB-0115,1,1,1,2,1,1,2,2,2,2,1,1,1,2,1,2,1,1,1,2,2,2,2152086077866011910
Poblacion,POB-0116,2,2,1,2,2,2,2,2,2,2,1,2,2,1,1,1,1,1,2,2,2,2,
Poblacion,POB-0117,1,2,1,1,1,2,2,1,1,1,1,2,1,2,1,2,1,1,2,2,2,2,
Poblacion,POB-0118,2,2,1,1,2,2,1,1,2,2,1,1,2,2,2,1,1,2,2,2,1,1,
Poblacion,POB-0119,2,2,1,2,2,2,2,2,1,1,1,2,1,2,2,2,1,2,2,2,2,1,3981588705265532028
Poblacion,POB-0120,2,2,1,2,2,2,1,2,2,1,1,2,1,1,1,2,1,2,1,1,2,1,
Poblacion,POB-0121,2,1,1,2,2,2,2,2,1,2,2,1,2,1,2,2,2,2,1,1,1,1,
Poblacion,POB-0122,2,1,1,2,2,1,1,2,2,1,2,2,1,1,2,1,1,2,1,2,2,2,3640629715959253011
Poblacion,POB-0123,1,2,2,2,1,2,2,2,2,2,2,2,2,2,2,2,2,1,2,1,1,1,
Poblacion,POB-0124,2,2,1,2,2,2,2,2,2,2,1,2,1,2,2,2,2,2,2,1,2,2,
Pundaguitan,PUN-0001,2,2,1,2,2,2,1,2,1,2,1,1,2,2,1,1,2,2,2,1,1,2,6197577446185214596
Pundaguitan,PUN-0002,2,1,1,1,2,1,1,2,1,2,1,1,1,1,1,1,1,2,1,1,2,2,
Pundaguitan,PUN-0003,2,2,1,2,2,2,1,2,1,1,2,1,2,2,2,2,1,2,1,2,1,2,1664215032926349337
Pundaguitan,PUN-0004,2,1,1,2,2,1,1,2,2,1,1,1,2,1,1,2,1,2,1,1,2,1,
Pundaguitan,PUN-0005,2,2,1,2,2,2,1,2,1,2,2,2,1,1,2,1,2,2,1,2,1,2,
Pundaguitan,PUN-0006,2,2,1,1,2,2,1,1,1,2,2,2,1,1,2,1,1,1,1,2,1,2,2815937921636358987
Pundaguitan,PUN-0007,2,2,1,2,2,2,1,2,1,2,2,2,1,2,1,2,1,2,1,2,1,1,
Pundaguitan,PUN-0008,2,1,1,1,2,1,2,1,1,1,1,1,2,1,2,1,1,1,2,2,2,1,
Pundaguitan,PUN-0009,2,2,1,2,2,2,2,2,1,1,1,1,2,1,1,2,2,2,2,2,2,1,3213940297967075683
Pundaguitan,PUN-0010,2,1,1,2,2,1,1,2,2,1,1,1,2,2,1,1,1,1,2,2,2,2,3265580910916544639
Pundaguitan,PUN-0011,2,2,1,1,2,2,1,2,2,1,1,1,2,1,2,2,1,2,1,1,1,2,4920344776308808360
Pundaguitan,PUN-0012,2,1,1,2,2,2,1,2,1,1,2,1,2,1,1,2,2,1,2,2,1,2,5920123539651206465
Pundaguitan,PUN-0013,2,2,1,2,2,2,1,2,1,1,2,2,1,1,2,2,1,2,1,1,2,2,
Pundaguitan,PUN-0014,2,2,1,2,2,2,2,2,2,2,2,2,2,2,2,1,2,1,1,1,1,2,
Pundaguitan,PUN-0015,2,2,1,2,2,2,1,2,2,2,2,1,1,2,2,1,2,1,2,2,1,2,
Pundaguitan,PUN-0016,1,2,1,2,1,2,1,2,1,1,1,2,1,1,1,2,1,2,1,2,2,1,
Pundaguitan,PUN-0017,2,2,1,2,2,2,1,2,2,1,1,1,1,2,1,2,1,2,1,2,2,1,
Pundaguitan,PUN-0018,1,2,1,1,1,2,1,1,1,1,2,2,1,2,2,2,1,2,1,1,2,1,
Pundaguitan,PUN-0019,2,2,2,2,2,2,2,2,1,1,1,2,1,2,1,2,2,1,1,2,1,1,
Pundaguitan,PUN-0020,1,2,2,2,1,2,2,2,2,2,1,1,1,2,2,2,1,1,1,1,1,1,
Pundaguitan,PUN-0021,2,1,2,2,2,1,2,2,1,2,1,1,1,2,2,1,1,1,2,1,2,2,
Pundaguitan,PUN-0022,1,2,2,2,2,2,2,2,1,1,1,1,1,1,2,1,2,2,1,2,1,2,2103898399754795241
Pundaguitan,PUN-0023,1,2,1,2,1,2,1,2,1,2,2,2,1,1,1,1,2,1,2,2,1,2,
Pundaguitan,PUN-0024,2,2,1,2,2,2,2,2,2,1,1,2,2,1,1,2,2,2,1,2,2,1,
Pundaguitan,PUN-0025,2,2,1,2,2,2,2,2,2,1,2,2,1,1,1,1,2,2,2,2,1,1,
Pundaguitan,PUN-0026,1,1,2,2,2,1,2,2,1,2,2,1,2,1,2,1,2,1,2,2,2,2,8337327703603881585
Pundaguitan,PUN-0027,1,2,1,2,1,2,1,2,1,1,2,1,1,1,1,1,1,2,2,2,2,1,
Pundaguitan,PUN-0028,1,2,1,2,2,2,1,2,1,2,2,2,2,2,1,2,1,1,1,2,2,2,
Pundaguitan,PUN-0029,1,1,2,2,1,1,2,2,1,1,2,2,1,2,1,1,1,1,1,1,2,2,
Pundaguitan,PUN-0030,2,2,1,2,2,2,1,2,1,2,2,1,2,1,2,1,2,1,2,2,1,1,
Pundaguitan,PUN-0031,2,2,1,1,2,2,2,1,1,2,2,1,1,2,1,2,1,2,1,2,1,2,
Pundaguitan,PUN-0032,2,1,1,2,2,2,1,2,2,2,1,2,2,1,1,2,2,1,2,2,1,2,
Pundaguitan,PUN-0033,2,2,1,2,2,2,1,2,2,2,1,1,1,2,2,1,2,2,2,1,1,1,
Pundaguitan,PUN-0034,2,2,1,2,2,2,2,2,2,1,2,2,2,1,1,1,1,2,2,1,1,2,
Pundaguitan,PUN-0035,2,2,2,2,2,2,2,2,1,2,2,1,2,2,1,1,2,1,1,1,2,1,
Pundaguitan,PUN-0036,2,2,1,2,2,2,2,2,2,2,1,1,2,2,1,1,1,2,2,2,1,2,
Pundaguitan,PUN-0037,2,2,1,2,2,2,1,2,2,2,1,2,1,1,2,2,2,2,2,1,1,2,
Pundaguitan,PUN-0038,1,2,1,2,1,2,2,2,1,2,2,2,2,2,1,1,1,2,1,2,1,2,
Pundaguitan,PUN-0039,2,2,1,2,2,2,2,2,1,1,2,1,2,2,1,1,1,2,1,1,2,1,
Pundaguitan,PUN-0040,2,1,1,1,2,1,2,2,2,2,1,2,2,2,2,1,1,1,2,2,1,2,2022287244813036958
Pundaguitan,PUN-0041,2,1,1,2,2,2,2,2,1,1,2,2,2,2,2,2,1,2,2,1,1,1,
Pundaguitan,PUN-0042,1,2,1,2,1,2,1,2,1,2,2,2,1,1,1,2,2,1,2,2,2,2,
Pundaguitan,PUN-0043,2,2,1,2,2,2,1,2,2,2,1,2,1,2,1,1,1,1,1,1,2,1,
Pundaguitan,PUN-0044,1,2,1,2,1,2,2,2,1,1,2,1,2,2,1,1,1,2,1,1,1,2,
Pundaguitan,PUN-0045,2,2,1,2,2,2,1,2,1,1,1,1,1,1,1,2,1,2,1,1,1,1,
Pundaguitan,PUN-0046,1,2,1,2,2,2,1,2,1,2,1,1,1,1,2,1,2,1,1,2,1,1,
Pundaguitan,PUN-0047,1,2,1,1,1,2,1,1,2,2,2,2,2,1,1,1,2,1,1,2,1,2,
Pundaguitan,PUN-0048,2,1,2,2,2,1,2,2,2,2,1,1,1,2,1,2,2,2,1,1,1,1,
Pundaguitan,PUN-0049,1,2,1,2,2,2,2,2,1,1,2,2,1,1,2,2,2,1,2,1,2,1,
Pundaguitan,PUN-0050,2,2,1,2,2,2,2,2,2,1,2,1,1,2,2,2,2,1,1,1,1,1,
Pundaguitan,PUN-0051,2,1,1,2,2,1,1,2,2,1,1,2,2,1,1,2,2,2,2,2,2,1,
Pundaguitan,PUN-0052,2,2,1,2,2,2,1,2,1,2,2,1,1,2,2,2,2,2,2,2,2,1,
Pundaguitan,PUN-0053,2,2,1,2,2,2,1,2,2,1,2,2,2,2,2,2,2,2,1,1,2,1,2669493324971214258
Pundaguitan,PUN-0054,2,2,1,2,2,2,1,2,1,2,2,2,1,1,2,1,2,1,2,2,1,1,
Sergio Osmeña,SER-0001,1,2,1,2,1,2,2,2,1,1,2,2,2,2,2,1,1,1,1,1,1,2,8011709745651864776
Sergio Osmeña,SER-0002,2,2,1,2,2,2,1,2,1,2,1,1,2,1,1,2,2,1,2,1,1,2,
Sergio Osmeña,SER-0003,2,2,1,2,2,2,1,2,1,2,1,2,1,2,1,2,1,2,2,2,2,1,
Sergio Osmeña,SER-0004,2,2,1,2,2,2,1,2,1,2,2,2,1,2,2,2,1,2,1,1,2,2,
Sergio Osmeña,SER-0005,2,2,1,2,2,2,2,2,2,2,1,2,2,2,2,2,2,2,1,1,2,2,8758603391627160067
Sergio Osmeña,SER-0006,2,2,1,2,2,2,2,2,1,2,1,1,2,2,1,2,2,1,2,2,1,2,
Sergio Osmeña,SER-0007,2,2,2,2,2,2,2,2,2,2,2,2,1,2,1,2,1,2,2,2,1,2,6135568014633999718
Sergio Osmeña,SER-0008,2,2,1,2,2,2,1,2,1,2,2,2,1,2,2,1,2,1,2,2,1,1,2294390009776662363
Sergio Osmeña,SER-0009,2,2,1,2,2,2,2,2,2,2,1,1,1,1,1,1,2,2,2,2,2,1,
Sergio Osmeña,SER-0010,2,2,1,1,2,2,2,1,2,2,2,2,1,2,1,1,2,1,1,2,1,1,9186388806816163714
Sergio Osmeña,SER-0011,1,1,1,2,1,1,2,2,2,2,2,1,1,1,2,2,2,2,2,1,1,1,
Sergio Osmeña,SER-0012,2,2,1,2,2,2,1,2,1,2,1,2,2,1,1,2,1,1,2,1,1,1,
Sergio Osmeña,SER-0013,2,2,2,2,2,2,2,2,2,1,1,1,2,1,1,1,1,2,1,2,1,1,7819444226591064337
Sergio Osmeña,SER-0014,1,2,1,2,1,2,2,2,1,1,2,1,1,2,2,2,1,2,2,2,2,1,8510072846427715575
Sergio Osmeña,SER-0015,1,2,1,2,1,2,1,2,1,1,2,2,2,2,2,2,2,1,2,2,1,2,
Sergio Osmeña,SER-0016,1,1,1,2,1,1,1,2,2,1,1,2,2,1,2,1,2,2,2,2,2,1,5795235756693490219
Sergio Osmeña,SER-0017,1,1,1,2,1,1,1,2,1,2,2,1,2,1,1,1,1,1,2,1,2,1,
Sergio Osmeña,SER-0018,1,2,1,2,1,2,2,2,1,1,2,1,1,1,1,1,1,1,1,2,2,2,1647545789873058509
Sergio Osmeña,SER-0019,1,2,1,1,1,2,2,1,1,1,2,1,1,2,1,1,2,2,1,1,1,2,
Sergio Osmeña,SER-0020,2,2,1,2,2,2,1,2,1,1,1,2,2,2,1,1,2,2,1,1,1,1,5247211379259622483
Sergio Osmeña,SER-0021,1,2,1,2,1,2,2,2,2,2,2,1,1,1,1,2,2,1,1,2,1,1,
Sergio Osmeña,SER-0022,2,2,1,1,2,2,1,2,2,1,1,1,2,1,2,1,2,2,2,1,1,2,
Sergio Osmeña,SER-0023,2,2,1,1,2,2,1,1,2,1,2,2,2,1,1,2,2,1,1,2,1,2,9865158806388709113
Sergio Osmeña,SER-0024,1,2,1,2,1,2,1,2,2,1,1,2,1,2,1,1,1,1,1,2,2,1,
Sergio Osmeña,SER-0025,2,2,1,2,2,2,1,2,2,2,1,1,1,1,2,1,2,1,2,2,1,2,1747191267232316979
Sergio Osmeña,SER-0026,2,2,1,1,2,2,1,2,2,1,2,1,2,1,1,1,2,1,1,2,1,1,8669567076430329333
Sergio Osmeña,SER-0027,1,2,1,2,2,2,1,2,1,2,1,1,2,1,1,1,2,1,1,1,2,2,7010622685053286327
Sergio Osmeña,SER-0028,2,2,1,1,2,2,1,2,1,2,2,1,2,1,2,1,1,2,2,1,1,1,
Sergio Osmeña,SER-0029,2,2,1,2,2,2,2,2,2,2,2,2,2,1,1,2,1,1,1,1,1,1,2498668561717622313
Sergio Osmeña,SER-0030,1,2,2,2,2,2,2,2,1,2,1,1,2,2,2,1,1,1,1,2,1,2,
Sergio Osmeña,SER-0031,1,2,1,2,1,2,1,2,2,1,2,1,2,1,2,1,2,1,1,1,1,2,
Sergio Osmeña,SER-0032,2,2,1,2,2,2,2,2,1,2,2,1,2,2,2,2,2,1,2,1,1,2,
Sergio Osmeña,SER-0033,2,1,1,2,2,1,1,2,1,2,1,1,2,1,2,1,1,2,1,1,2,2,
Sergio Osmeña,SER-0034,1,2,1,2,2,2,1,2,2,1,1,2,1,1,2,1,2,1,2,1,1,1,
Sergio Osmeña,SER-0035,1,2,1,2,2,2,1,2,2,2,1,1,1,1,1,2,2,2,2,1,1,1,2774804734001154571
Sergio Osmeña,SER-0036,2,1,1,1,2,1,2,2,2,2,2,1,2,1,2,2,1,1,2,1,1,2,9181894915980602184
Sergio Osmeña,SER-0037,2,2,2,2,2,2,2,2,2,1,2,2,1,1,1,1,2,1,2,2,2,2,
Sergio Osmeña,SER-0038,2,2,2,2,2,2,2,2,2,1,1,1,2,1,2,1,1,2,2,2,2,1,7515320921490745751
Sergio Osmeña,SER-0039,2,2,1,2,2,2,2,2,1,1,1,1,1,2,2,1,1,1,1,2,1,1,
Sergio Osmeña,SER-0040,1,1,1,2,2,1,1,2,1,2,1,2,1,1,1,1,1,1,1,2,1,2,
Sergio Osmeña,SER-0041,1,2,1,2,2,2,1,2,1,2,1,1,2,2,1,2,2,1,2,2,2,2,
Sergio Osmeña,SER-0042,2,1,1,2,2,1,2,2,2,2,1,1,2,2,2,1,2,2,1,2,2,2,
Sergio Osmeña,SER-0043,2,2,1,2,2,2,2,2,1,1,2,2,2,2,2,1,2,1,2,2,2,2,
Surop,SUR-0001,1,2,1,2,1,2,1,2,2,2,1,2,1,1,1,2,1,1,2,1,2,2,
Surop,SUR-0002,2,2,1,2,2,2,1,2,1,1,2,1,1,2,1,1,2,2,1,1,1,1,7718920749474179573
Surop,SUR-0003,2,2,1,2,2,2,1,2,2,2,1,1,1,2,1,1,2,1,1,2,1,1,
Surop,SUR-0004,2,2,1,2,2,2,2,2,1,2,2,2,2,2,1,1,2,2,2,1,2,2,
Surop,SUR-0005,2,2,1,2,2,2,2,2,2,2,1,2,1,2,1,1,2,2,1,1,1,1,5923044225253015511
Surop,SUR-0006,2,2,1,2,2,2,1,2,2,2,2,2,1,2,1,1,1,1,1,2,1,1,
Surop,SUR-0007,1,2,1,2,1,2,2,2,2,2,1,2,2,1,1,2,2,1,1,1,1,2,
Surop,SUR-0008,1,2,1,2,1,2,1,2,1,1,2,2,1,2,2,2,2,1,1,1,1,2,9380715176461238965
Surop,SUR-0009,1,1,1,2,2,1,1,2,1,2,2,1,2,1,1,2,1,1,1,2,1,1,
Surop,SUR-0010,2,2,1,2,2,2,1,2,1,1,1,1,2,2,1,1,2,1,1,1,1,1,
Surop,SUR-0011,1,2,1,1,1,2,1,1,1,2,2,1,1,2,1,1,1,2,2,1,2,2,
Surop,SUR-0012,2,1,1,2,2,1,2,2,2,1,1,1,1,2,2,2,1,2,1,2,1,2,
Surop,SUR-0013,2,1,1,2,2,1,1,2,2,1,1,1,1,2,1,1,1,1,2,1,1,1,2943399814738454423
Surop,SUR-0014,2,2,1,2,2,2,2,2,1,2,1,2,2,1,2,1,1,1,1,2,1,1,
Surop,SUR-0015,2,2,1,2,2,2,2,2,2,1,2,2,2,2,1,2,2,1,2,2,1,1,
Surop,SUR-0016,2,2,1,2,2,2,1,2,1,1,1,1,1,2,1,2,2,1,1,1,2,1,1668283824700356000
Surop,SUR-0017,2,2,2,2,2,2,2,2,2,1,1,1,2,2,1,1,1,2,1,2,2,2,
Surop,SUR-0018,2,2,1,1,2,2,2,1,1,1,1,2,1,1,1,2,1,1,2,2,1,1,
Surop,SUR-0019,1,2,1,2,1,2,2,2,2,1,2,1,2,1,2,2,2,2,2,1,2,2,
Surop,SUR-0020,1,2,1,2,1,2,2,2,1,2,1,2,1,1,2,2,2,1,2,1,2,1,3470133685455402511
Surop,SUR-0021,2,2,1,2,2,2,1,2,2,1,2,2,1,2,2,2,1,1,1,1,1,2,
Surop,SUR-0022,2,2,2,2,2,2,2,2,1,2,2,2,2,2,2,2,2,1,1,2,2,1,
Surop,SUR-0023,1,2,1,2,1,2,1,2,2,2,1,1,1,1,1,1,1,1,2,1,1,1,
Surop,SUR-0024,1,2,1,2,1,2,1,2,2,1,2,1,1,2,2,1,1,2,1,1,2,2,
Surop,SUR-0025,1,2,1,2,2,2,2,2,1,2,2,2,1,1,1,2,2,1,2,1,1,1,
Surop,SUR-0026,2,2,1,2,2,2,2,2,1,2,1,1,1,1,2,2,1,1,1,2,2,2,
Surop,SUR-0027,1,2,1,2,2,2,2,2,1,1,2,1,1,2,2,2,1,2,2,2,2,2,
Surop,SUR-0028,1,2,1,2,1,2,1,2,2,1,2,2,2,2,1,1,1,1,2,2,2,2,
Surop,SUR-0029,2,2,1,1,2,2,1,2,1,2,2,1,2,1,1,2,1,1,2,2,2,1,4834879214096235029
Surop,SUR-0030,2,1,1,2,2,1,1,2,2,2,1,1,2,1,2,2,1,1,2,1,1,1,
Surop,SUR-0031,1,2,2,2,1,2,2,2,1,2,1,2,1,1,1,1,2,2,2,2,2,1,
Surop,SUR-0032,1,2,1,2,1,2,2,2,1,1,1,2,1,2,1,2,1,2,1,2,2,1,
Surop,SUR-0033,2,1,2,2,2,1,2,2,2,2,2,1,2,2,1,2,1,2,2,2,1,2,8614735329481780273
Surop,SUR-0034,2,2,1,2,2,2,1,2,1,1,1,2,2,2,1,2,2,1,2,1,2,1,
Surop,SUR-0035,2,2,1,2,2,2,1,2,1,1,1,1,1,2,1,2,1,1,2,2,1,1,
Surop,SUR-0036,2,2,1,2,2,2,1,2,1,1,2,2,1,2,2,2,1,1,2,1,1,2,4496451164269880381
Surop,SUR-0037,2,2,1,1,2,2,2,2,1,1,2,2,2,1,1,2,1,1,2,1,2,2,
Surop,SUR-0038,2,2,1,2,2,2,1,2,1,2,1,1,1,1,1,1,1,1,1,2,1,2,
Surop,SUR-0039,2,1,1,2,2,1,2,2,1,2,1,1,1,1,1,1,2,2,1,2,2,2,
Surop,SUR-0040,2,2,1,1,2,2,2,1,2,2,1,1,1,2,2,2,1,2,1,2,1,2,
Surop,SUR-0041,2,2,1,1,2,2,1,2,1,1,2,2,2,1,2,1,2,1,2,2,1,1,
Surop,SUR-0042,2,2,1,2,2,2,2,2,2,1,1,2,2,2,2,2,2,2,1,1,1,2,
Surop,SUR-0043,1,2,1,2,1,2,1,2,2,1,1,1,2,2,1,1,1,1,2,1,1,2,
Surop,SUR-0044,2,2,1,1,2,2,1,2,1,1,2,2,1,1,2,2,2,1,1,1,1,1,4461649933046145205
Surop,SUR-0045,2,2,1,2,2,2,1,2,1,2,1,1,1,2,2,1,2,1,1,1,2,2,
Surop,SUR-0046,2,1,2,2,2,1,2,2,2,1,2,1,2,1,1,2,2,2,1,1,2,1,
Surop,SUR-0047,1,2,1,2,1,2,1,2,2,2,1,1,2,1,1,1,2,1,1,2,1,2,2884971097309778224
Surop,SUR-0048,1,2,1,1,1,2,1,2,2,1,1,1,2,1,1,1,1,2,1,2,2,2,
Surop,SUR-0049,2,1,1,2,2,1,1,2,1,2,1,2,2,2,1,1,1,1,1,2,1,2,
Surop,SUR-0050,2,2,1,2,2,2,1,2,2,2,1,1,2,1,2,2,2,1,1,2,2,1,
Surop,SUR-0051,2,1,1,2,2,1,2,2,2,2,2,2,1,1,1,1,2,1,1,2,1,1,
Surop,SUR-0052,2,1,1,2,2,1,2,2,1,1,1,1,2,1,1,1,2,1,2,1,1,1,8350583088714568877
Surop,SUR-0053,2,2,1,2,2,2,2,2,2,1,2,1,2,2,2,2,1,1,2,2,2,2,
Surop,SUR-0054,2,2,1,2,2,2,1,2,2,1,2,2,1,1,1,2,2,1,2,2,2,1,
Surop,SUR-0055,1,2,2,1,1,2,2,2,1,2,2,2,1,2,2,1,1,1,1,2,1,1,
Surop,SUR-0056,1,2,1,2,1,2,1,2,2,2,2,1,1,1,2,1,1,1,1,2,2,2,3982340047973339438
Surop,SUR-0057,2,2,1,2,2,2,1,2,1,1,2,2,1,1,2,1,1,2,2,2,2,1,1219831926554561663
Surop,SUR-0058,1,1,1,2,1,1,1,2,1,1,2,1,2,1,2,1,2,2,1,2,2,1,
Tagabebe,TAG-0001,2,2,1,2,2,2,1,2,1,2,1,2,1,2,1,1,1,2,1,1,1,2,9273185913188549524
Tagabebe,TAG-0002,1,2,1,2,1,2,1,2,2,1,2,1,2,2,1,1,1,1,2,1,2,1,1567240134944760049
Tagabebe,TAG-0003,2,2,1,2,2,2,1,2,1,2,1,2,1,1,1,2,1,1,1,2,2,1,
Tagabebe,TAG-0004,1,1,1,2,1,1,2,2,1,2,2,1,1,1,1,2,2,1,2,1,2,2,4191672484896628986
Tagabebe,TAG-0005,2,2,2,2,2,2,2,2,2,2,1,1,2,1,1,2,1,1,1,2,1,2,
Tagabebe,TAG-0006,2,2,1,1,2,2,1,2,2,2,2,1,1,2,2,1,1,1,1,1,1,2,5797557692113564397
Tagabebe,TAG-0007,2,1,1,2,2,2,2,2,1,2,1,2,1,2,2,2,2,2,1,2,2,1,7683709835547040534
Tagabebe,TAG-0008,2,2,1,2,2,2,2,2,2,2,2,2,1,1,1,2,2,1,1,2,1,2,6370550487531644249
Tagabebe,TAG-0009,2,2,1,1,2,2,1,2,1,2,2,2,1,2,2,1,2,1,2,1,2,1,
Tagabebe,TAG-0010,2,2,2,2,2,2,2,2,1,2,1,2,2,1,1,1,2,1,1,2,2,1,1737431957103558583
Tagabebe,TAG-0011,2,2,1,2,2,2,2,2,1,1,1,1,1,1,2,2,2,1,2,2,2,2,
Tagabebe,TAG-0012,2,1,1,2,2,1,1,2,1,2,1,1,1,2,1,2,2,2,1,1,1,2,
Tagabebe,TAG-0013,2,2,1,2,2,2,2,2,1,1,1,2,1,1,2,1,2,2,2,1,2,1,
Tagabebe,TAG-0014,2,2,1,2,2,2,2,2,1,1,1,1,1,2,1,1,2,2,1,2,2,2,8509339300748870933
Tagabebe,TAG-0015,2,2,1,1,2,2,1,1,1,1,1,2,1,2,2,1,2,2,1,2,2,2,4949801312545920256
Tagabebe,TAG-0016,2,2,1,2,2,2,2,2,2,1,2,1,1,2,2,1,2,1,2,1,1,1,
Tagabebe,TAG-0017,2,1,1,2,2,2,1,2,2,1,2,2,2,2,1,2,1,2,1,1,2,2,
Tagabebe,TAG-0018,2,1,1,2,2,1,1,2,2,1,2,1,2,2,2,2,2,2,1,2,2,2,7967308813420762360
Tagabebe,TAG-0019,2,1,1,2,2,1,1,2,2,1,2,2,1,2,1,1,2,1,1,1,1,2,
Tagabebe,TAG-0020,2,2,1,2,2,2,1,2,2,1,1,1,1,1,1,1,2,1,2,1,2,2,
Tagabebe,TAG-0021,2,2,1,2,2,2,2,2,2,2,1,2,1,1,1,2,1,2,1,2,1,2,
Tagabebe,TAG-0022,2,2,2,1,2,2,2,2,1,2,1,1,2,1,2,2,1,1,1,2,1,1,4973360800202001457
Tagabebe,TAG-0023,1,2,1,2,1,2,1,2,2,1,2,1,1,2,2,2,2,2,1,1,1,2,
Tagabebe,TAG-0024,1,2,1,2,2,2,2,2,2,2,2,2,2,1,2,2,2,2,1,1,1,1,4226512532014278868
Tagabebe,TAG-0025,2,2,2,2,2,2,2,2,1,2,1,2,1,1,1,1,1,1,1,2,2,2,
Tagabebe,TAG-0026,2,2,1,1,2,2,1,1,2,2,2,2,1,2,2,1,2,2,1,2,1,2,
Tagabebe,TAG-0027,1,2,1,2,1,2,2,2,1,2,1,2,2,2,1,1,2,1,1,1,1,1,
Tagabebe,TAG-0028,2,1,1,2,2,1,1,2,2,2,1,1,2,1,2,2,2,2,1,2,1,1,
Tagabebe,TAG-0029,2,2,2,2,2,2,2,2,2,2,1,2,1,2,1,2,2,1,1,2,1,1,
Tagabebe,TAG-0030,2,2,2,2,2,2,2,2,2,2,1,1,1,2,1,1,2,2,1,1,1,1,
Tagabebe,TAG-0031,2,2,1,1,2,2,2,1,1,2,2,1,1,1,1,1,2,2,1,2,2,2,
Tagabebe,TAG-0032,2,2,1,2,2,2,2,2,2,2,2,2,2,2,1,2,2,2,1,1,2,2,9830148642402718452
Tagabebe,TAG-0033,2,1,1,2,2,1,1,2,1,1,2,2,2,2,2,2,2,1,1,1,2,2,
Tagabebe,TAG-0034,2,2,1,2,2,2,1,2,2,1,1,2,1,2,2,2,2,1,2,2,2,1,
Tagabebe,TAG-0035,2,2,1,2,2,2,1,2,1,1,1,1,2,1,1,1,2,1,1,1,1,2,
Tagabebe,TAG-0036,1,2,1,2,2,2,1,2,2,2,1,2,1,2,2,1,2,2,2,2,2,1,7231186863367403770
Tagabebe,TAG-0037,2,2,2,2,2,2,2,2,2,1,1,1,1,2,1,2,2,1,2,2,2,1,
Tagabebe,TAG-0038,1,1,2,2,2,2,2,2,2,2,1,1,1,2,1,2,2,2,1,2,2,2,6740466402491615574
Tagabebe,TAG-0039,2,1,1,2,2,1,2,2,1,2,2,1,2,1,1,2,2,1,2,2,2,1,
Tagabebe,TAG-0040,2,1,1,2,2,1,2,2,1,2,2,2,2,2,2,2,2,1,1,1,1,1,
Tagabebe,TAG-0041,2,2,1,1,2,2,1,2,2,2,2,1,1,1,2,2,2,2,2,2,1,1,
Tagabebe,TAG-0042,2,2,1,2,2,2,1,2,2,1,2,1,1,2,1,1,1,2,2,1,2,2,
Tagabebe,TAG-0043,2,2,1,2,2,2,1,2,2,2,2,1,1,1,1,1,2,1,2,1,1,2,
Tagabebe,TAG-0044,2,2,1,1,2,2,1,1,1,1,1,2,1,2,1,1,2,1,1,2,2,2,
Tagabebe,TAG-0045,1,2,1,2,1,2,1,2,2,2,1,2,1,1,1,2,1,2,2,1,1,2,
Tagabebe,TAG-0046,2,2,2,2,2,2,2,2,1,2,1,2,1,2,2,2,1,1,1,1,1,1,
Tagabebe,TAG-0047,2,2,2,2,2,2,2,2,1,2,2,1,1,1,2,1,1,1,2,2,1,2,5975943749237436382
Tamban,TAM-0001,1,2,1,1,1,2,1,2,2,1,2,1,2,2,1,2,2,2,1,2,2,1,
Tamban,TAM-0002,1,2,1,2,2,2,1,2,1,1,1,1,2,1,1,2,1,1,1,2,2,2,
Tamban,TAM-0003,2,2,1,2,2,2,1,2,1,1,1,2,1,2,2,1,2,1,2,2,1,1,5793626985835241383
Tamban,TAM-0004,1,2,1,2,1,2,1,2,1,2,1,2,2,1,1,2,2,2,2,1,1,1,2198506917498426945
Tamban,TAM-0005,2,2,2,2,2,2,2,2,1,1,2,2,2,2,1,2,2,2,1,1,2,2,
Tamban,TAM-0006,2,2,1,2,2,2,2,2,1,2,1,1,1,2,2,2,2,2,1,2,1,1,
Tamban,TAM-0007,2,2,1,2,2,2,2,2,2,2,2,2,2,2,1,1,1,2,1,1,1,2,7855389436489853770
Tamban,TAM-0008,2,2,1,2,2,2,1,2,1,2,1,1,1,1,1,2,2,2,2,1,2,2,
Tamban,TAM-0009,2,2,1,1,2,2,1,1,2,1,2,1,2,1,2,1,2,1,1,2,2,2,
Tamban,TAM-0010,1,2,2,2,2,2,2,2,1,1,1,1,1,1,2,1,2,1,2,1,2,2,
Tamban,TAM-0011,2,2,1,2,2,2,2,2,2,1,1,1,1,2,1,2,2,1,1,2,1,2,3403403868940844929
Tamban,TAM-0012,1,2,1,2,1,2,2,2,2,2,2,1,2,1,2,1,2,1,2,1,1,1,8299008603838270755
Tamban,TAM-0013,1,1,1,2,2,1,2,2,1,1,2,1,2,1,2,1,1,2,1,2,2,1,
Tamban,TAM-0014,1,2,1,2,1,2,1,2,1,1,2,1,1,2,1,1,1,2,1,2,2,1,
Tamban,TAM-0015,2,2,1,2,2,2,1,2,1,2,1,1,2,2,2,1,1,2,2,1,2,2,
Tamban,TAM-0016,2,2,1,2,2,2,2,2,2,1,1,1,1,1,2,1,2,2,1,2,2,2,
Tamban,TAM-0017,2,2,1,2,2,2,1,2,1,1,1,1,1,2,2,1,1,2,2,2,2,1,
Tamban,TAM-0018,2,2,1,2,2,2,1,2,1,2,2,2,1,2,2,2,2,1,1,1,2,2,
Tamban,TAM-0019,1,2,1,2,2,2,1,2,2,1,1,1,1,1,2,1,1,2,2,2,1,2,
Tamban,TAM-0020,1,2,1,2,2,2,1,2,1,1,2,2,1,1,2,1,2,2,1,2,2,2,
Tamban,TAM-0021,1,2,1,2,2,2,1,2,2,1,2,2,1,1,2,1,1,1,1,1,2,2,7326211519894321955
Tamban,TAM-0022,2,2,2,1,2,2,2,1,2,1,1,1,1,2,2,2,1,2,2,2,2,2,
Tamban,TAM-0023,2,2,1,2,2,2,1,2,2,1,2,1,1,2,1,1,1,1,1,1,1,1,
Tamban,TAM-0024,2,2,2,1,2,2,2,1,2,2,1,2,1,1,2,1,2,1,2,1,2,1,
Tamban,TAM-0025,2,1,1,2,2,1,1,2,1,2,2,1,1,1,2,2,1,1,1,2,2,2,1075294578922939513
Tamban,TAM-0026,2,2,2,2,2,2,2,2,2,2,1,2,1,2,1,2,1,2,2,2,1,2,3985664899380803081
Tamban,TAM-0027,1,2,2,2,1,2,2,2,1,1,1,1,2,1,1,2,1,2,2,2,2,2,1647627674897641143
Tamban,TAM-0028,1,2,2,2,2,2,2,2,2,2,1,2,1,2,1,1,2,2,1,2,1,1,
Tamban,TAM-0029,1,1,1,2,1,1,1,2,2,2,1,1,1,2,2,1,2,2,2,1,2,2,
Tamban,TAM-0030,1,2,1,2,1,2,1,2,2,2,2,2,1,1,2,1,1,1,1,1,2,1,
Tamban,TAM-0031,2,1,1,1,2,2,1,2,2,2,1,2,1,2,2,1,1,1,1,1,1,1,
Tamban,TAM-0032,2,1,2,2,2,1,2,2,2,1,2,1,1,2,1,2,1,1,1,1,2,1,
Tamban,TAM-0033,1,2,1,1,2,2,2,2,2,2,1,1,2,1,1,1,2,1,1,1,1,2,
Tamban,TAM-0034,2,2,1,1,2,2,1,2,1,1,1,1,2,2,1,2,1,2,1,1,1,2,
Tamban,TAM-0035,2,2,1,1,2,2,2,2,1,2,2,2,1,1,2,1,1,2,2,2,2,2,
Tamban,TAM-0036,2,2,1,2,2,2,2,2,1,1,1,2,1,1,1,1,1,1,2,1,1,2,9184885895706527960
Tandang Sora,TAN-0001,1,2,2,2,1,2,2,2,2,2,1,2,2,1,1,1,2,1,2,1,2,1,
Tandang Sora,TAN-0002,2,2,1,2,2,2,1,2,2,2,2,1,2,2,2,1,2,1,1,1,1,1,6678519839494329994
Tandang Sora,TAN-0003,1,2,1,1,1,2,2,2,2,1,1,1,1,1,1,2,2,1,2,2,1,2,
Tandang Sora,TAN-0004,1,2,1,2,1,2,1,2,2,1,2,2,1,2,2,1,2,1,2,1,2,2,5141253577536895820
Tandang Sora,TAN-0005,1,2,1,2,1,2,1,2,2,1,2,1,2,1,2,1,2,2,2,1,1,2,2033878956172818484
Tandang Sora,TAN-0006,2,1,1,2,2,1,2,2,2,2,1,2,2,1,1,2,1,2,2,1,2,2,
Tandang Sora,TAN-0007,2,1,1,2,2,1,1,2,2,1,1,1,2,2,2,1,2,2,2,2,1,1,2528238345626093595
Tandang Sora,TAN-0008,2,2,1,2,2,2,1,2,2,2,1,1,2,1,2,1,1,2,2,2,1,2,
Tandang Sora,TAN-0009,2,1,1,2,2,1,1,2,1,1,1,1,2,2,2,2,2,2,1,1,1,2,
Tandang Sora,TAN-0010,1,2,2,2,1,2,2,2,1,1,1,2,2,1,1,1,2,1,1,2,1,1,
Tandang Sora,TAN-0011,2,2,1,2,2,2,1,2,2,2,1,2,2,2,2,2,2,2,2,1,2,2,
Tandang Sora,TAN-0012,1,2,1,2,1,2,1,2,1,1,2,1,2,1,1,1,2,2,1,2,1,1,9957391087357668910
Tandang Sora,TAN-0013,2,2,1,2,2,2,2,2,2,2,1,1,2,1,2,2,1,1,1,1,1,1,
Tandang Sora,TAN-0014,1,2,1,2,1,2,1,2,2,2,2,1,2,1,2,2,2,2,2,1,1,1,
Tandang Sora,TAN-0015,1,2,1,2,1,2,2,2,1,1,1,1,1,2,2,2,2,2,1,2,1,2,8558243736536113564
Tandang Sora,TAN-0016,2,2,2,2,2,2,2,2,1,2,2,2,2,2,2,1,1,1,1,2,1,1,2813130234617971655
Tandang Sora,TAN-0017,1,2,1,2,1,2,1,2,2,2,2,1,2,1,2,1,2,1,2,1,1,2,
Tandang Sora,TAN-0018,1,2,1,2,1,2,1,2,1,1,2,1,1,2,1,1,2,1,2,2,2,1,
Tandang Sora,TAN-0019,1,1,1,2,1,1,2,2,1,2,2,1,1,2,1,1,1,1,2,1,1,2,
Tandang Sora,TAN-0020,2,1,1,2,2,1,1,2,2,2,1,2,1,1,2,2,2,1,2,2,2,1,
Tandang Sora,TAN-0021,2,2,1,1,2,2,1,1,2,1,2,2,1,1,1,1,1,1,1,1,2,2,
Tandang Sora,TAN-0022,2,2,1,2,2,2,1,2,1,2,1,1,2,1,2,1,1,2,2,2,2,2,8742281115003009755
Tandang Sora,TAN-0023,2,2,1,2,2,2,1,2,2,1,2,1,2,1,2,2,1,1,1,2,1,1,2926086518788233396
Tandang Sora,TAN-0024,1,2,2,2,2,2,2,2,2,2,2,2,2,2,1,2,2,1,1,2,1,2,
Tandang Sora,TAN-0025,1,1,1,2,2,1,1,2,1,2,1,2,1,1,2,2,2,1,2,2,2,2,
Tandang Sora,TAN-0026,1,2,1,1,1,2,1,2,2,2,1,2,2,1,1,1,2,2,2,2,1,1,8039820747467818906
Tandang Sora,TAN-0027,2,2,1,2,2,2,1,2,1,1,1,2,1,1,2,1,1,2,1,1,2,2,
Tandang Sora,TAN-0028,2,2,1,2,2,2,1,2,2,2,2,2,1,1,2,2,1,2,1,1,2,2,
Tandang Sora,TAN-0029,1,1,1,2,1,2,1,2,1,1,1,1,1,1,1,1,2,2,1,2,1,2,
Tandang Sora,TAN-0030,2,2,1,2,2,2,2,2,1,1,1,2,1,2,2,1,1,1,2,2,1,2,3513313269151304626
Tandang Sora,TAN-0031,2,2,1,2,2,2,1,2,2,1,2,1,2,1,2,2,1,2,2,1,1,1,
Tandang Sora,TAN-0032,2,2,1,2,2,2,2,2,2,2,1,2,2,1,1,2,1,1,1,1,2,1,2454525291708278942
Tandang Sora,TAN-0033,2,2,1,2,2,2,2,2,1,1,2,1,1,2,2,1,2,2,1,1,1,1,7020411821777115242
Tandang Sora,TAN-0034,2,2,1,2,2,2,1,2,1,1,2,1,1,2,1,2,2,2,1,1,1,1,
Tibanban,TIB-0001,2,2,1,2,2,2,1,2,2,2,2,1,1,1,2,1,2,2,2,2,1,2,9218200751870942711
Tibanban,TIB-0002,2,2,1,2,2,2,2,2,2,2,1,2,2,1,2,2,1,2,2,2,1,1,
Tibanban,TIB-0003,2,2,1,2,2,2,1,2,1,1,2,2,2,2,2,2,1,2,2,2,1,2,
Tibanban,TIB-0004,2,1,1,2,2,1,2,2,2,1,2,1,2,1,2,2,2,2,1,1,2,2,
Tibanban,TIB-0005,2,1,2,2,2,1,2,2,1,2,1,2,2,1,2,2,1,2,1,2,1,1,
Tibanban,TIB-0006,1,2,1,2,1,2,1,2,2,1,1,2,1,1,1,1,1,2,2,1,2,2,3243632695585134077
Tibanban,TIB-0007,2,2,1,2,2,2,1,2,2,1,2,2,2,1,1,1,1,1,1,2,1,2,
Tibanban,TIB-0008,2,2,2,2,2,2,2,2,1,1,2,1,2,1,2,1,2,1,1,1,1,2,
Tibanban,TIB-0009,2,2,1,2,2,2,1,2,1,2,1,2,1,2,2,2,2,2,1,2,1,2,
Tibanban,TIB-0010,2,2,1,2,2,2,2,2,2,1,1,1,1,1,2,1,2,2,2,1,1,1,
Tibanban,TIB-0011,2,2,1,2,2,2,2,2,2,1,1,1,2,1,2,1,2,2,1,2,2,1,
Tibanban,TIB-0012,1,2,2,2,1,2,2,2,2,1,2,2,2,2,2,2,1,1,2,2,2,1,
Tibanban,TIB-0013,1,1,1,2,1,2,1,2,2,2,2,1,2,2,2,2,1,2,1,2,1,1,
Tibanban,TIB-0014,2,2,1,2,2,2,2,2,1,2,1,2,1,1,1,1,1,2,2,1,1,2,
Tibanban,TIB-0015,2,2,1,2,2,2,1,2,2,2,1,1,2,1,2,2,1,1,1,2,1,2,2324387060694713881
Tibanban,TIB-0016,1,2,1,2,1,2,1,2,1,2,2,1,2,1,2,1,1,1,1,2,2,2,
Tibanban,TIB-0017,2,2,1,2,2,2,1,2,2,1,1,2,1,2,2,1,1,2,1,1,2,1,
Tibanban,TIB-0018,2,1,1,2,2,2,1,2,1,1,1,1,1,1,1,2,2,2,1,1,2,2,1618422839825009560
Tibanban,TIB-0019,1,2,1,1,1,2,1,1,2,1,1,1,1,2,1,2,1,2,1,1,1,1,
Tibanban,TIB-0020,1,1,2,1,2,2,2,2,1,2,1,2,1,2,2,2,1,2,2,1,2,1,
Tibanban,TIB-0021,2,2,1,2,2,2,1,2,2,2,2,1,1,2,1,2,1,1,1,2,2,2,1590204577420816449
Tibanban,TIB-0022,2,2,1,2,2,2,1,2,1,1,1,1,2,2,2,1,1,2,1,2,2,1,
Tibanban,TIB-0023,2,2,1,2,2,2,1,2,1,1,2,2,2,1,1,2,2,1,2,1,1,1,5281625216978966305
Tibanban,TIB-0024,2,2,1,1,2,2,2,2,1,1,1,2,1,2,1,2,1,2,1,1,1,2,
Tibanban,TIB-0025,2,2,1,2,2,2,1,2,2,1,2,1,2,1,2,1,1,2,2,1,2,1,
Tibanban,TIB-0026,2,2,2,2,2,2,2,2,1,1,2,2,2,2,2,1,1,2,1,2,1,1,5972206535339755059
Tibanban,TIB-0027,2,2,1,2,2,2,1,2,2,1,1,1,1,1,1,1,1,2,1,2,2,1,
Tibanban,TIB-0028,2,2,2,2,2,2,2,2,2,1,1,2,1,2,1,1,1,1,2,1,1,1,
Tibanban,TIB-0029,2,1,1,1,2,2,2,2,1,1,2,2,2,1,2,2,1,2,2,2,1,1,
Tibanban,TIB-0030,2,2,1,1,2,2,1,2,2,1,1,1,2,1,2,2,2,1,1,1,2,2,6817880395086164504
Tibanban,TIB-0031,2,1,1,2,2,2,1,2,2,1,1,2,1,1,2,1,1,2,1,2,2,1,
Tibanban,TIB-0032,1,2,1,2,1,2,1,2,2,1,2,2,1,1,2,1,1,2,1,2,1,2,
Tibanban,TIB-0033,1,2,1,2,1,2,1,2,2,1,1,1,1,2,2,1,1,1,1,2,1,1,
Tibanban,TIB-0034,2,1,1,1,2,2,1,1,1,2,1,1,1,1,1,1,1,1,1,1,1,1,
Tibanban,TIB-0035,2,2,2,2,2,2,2,2,1,2,2,1,1,2,2,1,2,1,1,2,2,2,6578308854485471514
Tibanban,TIB-0036,2,1,1,2,2,1,2,2,1,1,1,2,1,1,2,1,2,2,2,1,1,1,
Tibanban,TIB-0037,2,2,1,2,2,2,2,2,1,2,2,2,1,2,1,1,2,2,1,1,1,1,
Tibanban,TIB-0038,1,2,1,2,2,2,1,2,1,1,2,2,2,1,1,1,2,1,2,2,1,2,7463601099685946045
Tibanban,TIB-0039,2,2,2,2,2,2,2,2,1,1,2,1,2,1,1,1,2,1,2,1,1,2,
Tibanban,TIB-0040,1,1,1,2,1,1,2,2,1,1,1,2,1,2,1,1,2,1,2,2,2,2,1177995270819691885
Tibanban,TIB-0041,2,1,1,2,2,2,2,2,1,2,1,2,1,1,1,2,2,1,1,1,2,1,
Tibanban,TIB-0042,1,2,1,2,1,2,1,2,2,2,1,1,2,1,2,2,1,2,1,1,1,1,6395148282533448177
Tibanban,TIB-0043,2,2,1,1,2,2,2,1,2,1,1,2,1,2,2,1,1,2,2,2,2,1,
Tibanban,TIB-0044,2,1,1,2,2,1,1,2,1,1,1,1,2,2,2,2,2,2,2,2,1,1,
Tibanban,TIB-0045,2,2,1,2,2,2,1,2,1,2,2,2,2,2,2,1,2,2,2,1,1,1,
Tibanban,TIB-0046,2,2,1,2,2,2,2,2,2,1,2,2,1,2,2,1,2,2,1,2,2,2,5928127996954041201
Tibanban,TIB-0047,1,2,1,1,1,2,2,1,1,2,1,2,1,2,2,2,2,2,2,2,2,1,
Tibanban,TIB-0048,2,2,2,2,2,2,2,2,1,2,2,2,1,2,1,1,1,2,2,2,1,2,
Tibanban,TIB-0049,2,2,1,1,2,2,1,1,1,1,1,2,2,2,2,2,2,2,1,2,1,2,
Tibanban,TIB-0050,2,2,1,2,2,2,2,2,2,2,2,2,1,2,1,1,1,2,1,1,1,2,6751214280473894844
Tibanban,TIB-0051,2,2,1,2,2,2,1,2,1,1,1,2,2,1,2,1,1,2,2,2,1,1,
Tibanban,TIB-0052,1,2,1,2,2,2,1,2,1,1,1,1,1,2,2,2,2,2,2,1,2,2,
Tibanban,TIB-0053,1,2,1,2,1,2,1,2,2,1,2,1,2,2,1,2,2,2,2,1,2,1,
Tibanban,TIB-0054,2,2,1,2,2,2,1,2,2,1,2,1,2,1,2,2,1,1,2,1,2,1,
Tibanban,TIB-0055,2,2,1,2,2,2,1,2,2,2,2,1,1,1,2,2,2,2,1,2,2,2,
Tibanban,TIB-0056,1,2,2,1,1,2,2,2,2,1,1,1,1,1,2,1,1,1,1,2,2,2,7752702157648691709
Tibanban,TIB-0057,2,2,1,2,2,2,1,2,2,2,1,2,2,1,2,2,2,1,1,1,2,1,5798068307168456862
Tibanban,TIB-0058,1,2,1,2,1,2,2,2,2,2,1,2,1,1,1,2,2,2,2,1,1,1,
Tibanban,TIB-0059,1,2,1,2,1,2,2,2,1,1,1,2,2,1,1,2,2,2,2,2,2,1,
Tibanban,TIB-0060,1,2,1,2,1,2,1,2,2,2,2,1,1,2,2,2,1,1,1,1,2,2,3267546797233059966
Tibanban,TIB-0061,2,1,1,1,2,1,1,2,1,2,2,2,1,2,2,2,1,1,2,2,2,1,
Tibanban,TIB-0062,2,1,1,2,2,1,1,2,2,1,2,2,1,2,2,1,2,2,2,2,2,1,2186856353442181009
Tibanban,TIB-0063,1,2,1,2,1,2,2,2,1,2,1,2,2,1,2,2,1,2,1,1,1,1,
Tibanban,TIB-0064,1,2,1,1,1,2,2,1,2,2,1,1,2,2,2,1,1,2,2,1,1,1,
Tibanban,TIB-0065,2,2,1,2,2,2,1,2,1,1,2,1,1,1,1,2,1,1,1,2,2,1,
Tibanban,TIB-0066,2,2,1,1,2,2,2,1,2,2,2,1,1,2,2,1,2,1,2,1,2,1,1991071126794610400
Tibanban,TIB-0067,2,2,1,2,2,2,1,2,1,2,1,2,2,2,1,1,1,2,1,2,1,2,7181654864439293269
Tibanban,TIB-0068,1,1,1,1,2,1,1,1,2,1,1,1,2,2,2,1,1,1,1,1,1,1,9419645957941496760
Tibanban,TIB-0069,2,2,1,2,2,2,2,2,2,1,1,2,2,1,2,1,1,1,1,1,2,2,5225898251800286967
Tibanban,TIB-0070,2,2,1,2,2,2,1,2,2,1,2,2,2,1,1,1,1,1,2,1,2,2,
Tibanban,TIB-0071,2,2,1,2,2,2,2,2,1,2,2,2,2,1,1,1,2,2,1,2,2,1,5113888486178546233
Tibanban,TIB-0072,2,1,1,1,2,2,1,1,2,1,1,1,1,1,1,2,2,1,1,1,1,2,
Tibanban,TIB-0073,1,2,2,2,1,2,2,2,1,2,1,1,1,1,1,1,1,2,2,1,1,1,7518280438732177424
Tibanban,TIB-0074,2,2,1,2,2,2,1,2,2,2,2,1,1,1,2,2,1,2,2,1,2,2,3448956851544516136
Tibanban,TIB-0075,1,2,1,2,2,2,2,2,2,1,2,1,1,2,1,1,1,2,1,2,2,2,
Tibanban,TIB-0076,2,2,1,1,2,2,2,2,1,2,2,1,1,2,2,2,2,2,2,2,2,2,
Tibanban,TIB-0077,2,2,1,2,2,2,2,2,1,2,1,1,1,1,1,2,1,1,2,2,2,2,5635072167773568732
Tibanban,TIB-0078,2,2,2,2,2,2,2,2,2,1,2,2,2,1,2,1,1,2,2,2,1,1,
Tibanban,TIB-0079,1,2,1,2,1,2,1,2,2,2,1,2,1,2,2,2,2,1,2,2,2,1,
Tibanban,TIB-0080,1,2,2,2,1,2,2,2,1,2,1,1,2,2,2,2,1,2,1,2,2,2,2026292563526453099
Tibanban,TIB-0081,2,2,1,2,2,2,1,2,1,1,1,2,2,2,2,2,2,1,1,1,2,1,2114860666515179183
Tibanban,TIB-0082,2,2,1,2,2,2,1,2,1,1,1,1,1,2,2,1,2,2,2,1,2,1,
Tibanban,TIB-0083,2,2,1,1,2,2,2,2,2,1,2,1,2,1,2,2,1,1,1,1,1,1,
Tibanban,TIB-0084,2,2,1,2,2,2,1,2,1,2,1,1,1,1,2,2,2,1,1,1,2,1,4391493491816107577
Tibanban,TIB-0085,2,2,2,2,2,2,2,2,1,1,1,2,2,1,1,1,1,2,2,2,2,1,4389713702943878130
Tibanban,TIB-0086,2,2,1,2,2,2,1,2,1,2,2,1,2,1,2,2,1,2,1,1,2,2,3118095451484073418
Tibanban,TIB-0087,1,1,1,2,2,1,1,2,2,1,2,2,2,1,1,1,1,2,2,1,2,1,
Tibanban,TIB-0088,1,1,1,2,1,1,1,2,1,2,2,2,2,1,1,2,2,2,2,1,1,2,
Tibanban,TIB-0089,2,1,1,1,2,1,2,2,2,2,1,2,2,2,1,1,2,2,1,1,2,1,9038135846600186541
Tibanban,TIB-0090,2,2,1,2,2,2,1,2,2,1,1,2,2,1,2,2,1,1,2,1,1,1,9729238980090220928
Tibanban,TIB-0091,2,2,1,2,2,2,1,2,1,1,2,1,2,1,1,2,1,2,1,2,1,2,
Tibanban,TIB-0092,2,2,1,2,2,2,1,2,2,2,2,2,1,1,2,1,2,2,1,1,2,2,5370621251307384373
Tibanban,TIB-0093,1,2,1,2,1,2,1,2,1,2,1,1,2,1,2,2,1,2,1,1,2,2,
Tibanban,TIB-0094,1,2,2,2,1,2,2,2,1,1,1,2,1,1,1,1,2,1,1,2,2,2,1880465159924436413
Tibanban,TIB-0095,2,2,1,2,2,2,1,2,2,1,2,1,2,1,2,1,2,1,2,2,2,1,9610577280153928619
Tibanban,TIB-0096,2,2,1,2,2,2,1,2,1,1,1,2,2,1,2,1,2,1,2,1,2,2,5892081004278172060
Tibanban,TIB-0097,1,2,1,2,2,2,1,2,1,2,2,2,2,1,1,1,2,2,2,2,2,1,
Tibanban,TIB-0098,1,2,2,2,1,2,2,2,1,2,1,2,1,2,2,2,1,1,2,2,2,1,
Tibanban,TIB-0099,2,2,1,1,2,2,2,1,1,2,2,2,2,2,1,2,2,1,1,1,1,1,
Tibanban,TIB-0100,1,2,1,2,2,2,2,2,1,1,2,2,2,1,2,2,2,2,2,2,2,2,7228530132180044104
Tibanban,TIB-0101,2,2,2,2,2,2,2,2,2,1,2,2,2,1,2,2,1,2,2,2,1,2,
Tibanban,TIB-0102,2,2,1,2,2,2,1,2,2,2,1,1,1,2,2,1,2,1,2,2,1,1,
Tibanban,TIB-0103,1,2,1,2,1,2,2,2,1,1,2,1,1,1,2,2,2,2,2,1,1,2,
Tibanban,TIB-0104,2,1,1,2,2,1,2,2,2,1,2,1,1,1,2,2,1,1,2,2,1,1,
Tibanban,TIB-0105,2,1,1,2,2,1,1,2,2,2,2,1,1,1,2,2,2,2,1,2,2,2,
Tibanban,TIB-0106,1,2,1,2,1,2,1,2,1,1,1,2,2,1,2,1,2,1,2,1,1,2,
Tibanban,TIB-0107,1,1,1,2,1,1,1,2,1,1,2,1,1,2,2,2,1,2,2,2,1,1,
Tibanban,TIB-0108,2,1,1,1,2,1,2,1,2,2,2,1,2,1,2,1,1,1,2,2,1,1,
Tibanban,TIB-0109,1,2,1,2,1,2,2,2,1,2,2,1,2,1,2,1,1,2,1,1,2,1,7277248167275981913
Tibanban,TIB-0110,2,2,2,2,2,2,2,2,2,1,2,2,1,1,1,1,2,2,2,2,2,2,
Tibanban,TIB-0111,2,2,2,2,2,2,2,2,1,1,1,2,2,1,2,1,2,1,2,1,2,1,8028844761200741734
Tibanban,TIB-0112,2,2,1,2,2,2,2,2,1,1,2,1,2,1,1,1,2,2,2,2,2,2,
Tibanban,TIB-0113,1,2,1,2,1,2,1,2,1,2,2,2,1,2,2,1,2,2,1,1,1,1,
Tibanban,TIB-0114,2,2,1,2,2,2,1,2,1,1,2,2,1,2,2,1,2,2,2,1,1,1,
Tibanban,TIB-0115,2,1,1,2,2,1,2,2,2,1,2,2,1,2,1,1,2,1,1,2,2,2,9232956068426799240
Tibanban,TIB-0116,2,2,1,2,2,2,1,2,2,1,1,1,1,2,2,2,1,2,2,1,1,1,
Tibanban,TIB-0117,2,1,2,2,2,1,2,2,2,1,1,1,2,1,2,1,1,1,1,2,2,2,
Tibanban,TIB-0118,2,2,2,2,2,2,2,2,2,1,1,1,1,2,2,1,1,2,1,2,2,2,
Tibanban,TIB-0119,2,2,2,2,2,2,2,2,1,2,1,1,2,2,2,2,2,1,2,1,1,2,
Tibanban,TIB-0120,1,2,1,2,1,2,1,2,1,1,2,2,1,1,1,2,1,1,2,1,2,1,
Tibanban,TIB-0121,2,2,1,2,2,2,1,2,2,2,2,1,1,1,2,1,2,2,2,2,2,1,
Tibanban,TIB-0122,2,1,2,1,2,1,2,1,2,2,1,1,2,1,2,2,1,2,1,2,2,1,
Tibanban,TIB-0123,1,2,2,2,1,2,2,2,2,1,1,1,2,1,1,1,2,2,2,1,1,1,
Tibanban,TIB-0124,2,2,1,2,2,2,1,2,2,1,2,2,2,2,2,2,2,2,2,2,1,1,
Tibanban,TIB-0125,2,2,1,1,2,2,1,1,2,2,1,2,1,2,1,1,2,2,1,1,2,2,3631560979428689898
Tibanban,TIB-0126,2,1,1,1,2,2,1,2,2,2,2,2,2,1,2,2,1,2,2,2,1,2,
Tibanban,TIB-0127,2,2,1,2,2,2,1,2,2,1,2,1,2,2,1,1,2,2,1,2,2,1,
Tibanban,TIB-0128,2,2,1,2,2,2,2,2,2,2,1,1,1,1,2,2,2,1,2,2,2,2,
Tibanban,TIB-0129,2,1,1,2,2,2,1,2,2,2,1,2,2,1,2,1,1,2,1,1,1,1,8328703244882514150
Tibanban,TIB-0130,2,2,1,2,2,2,2,2,1,1,2,2,1,2,1,2,1,2,2,2,2,2,
Tibanban,TIB-0131,1,2,1,2,1,2,1,2,1,1,1,1,1,2,2,1,2,2,1,1,1,1,
Tibanban,TIB-0132,1,2,1,2,1,2,1,2,2,1,1,1,2,2,1,1,1,1,2,1,2,2,
Tibanban,TIB-0133,2,2,1,2,2,2,2,2,2,1,1,2,1,2,1,2,2,2,1,2,1,2,
Tibanban,TIB-0134,2,2,1,2,2,2,2,2,1,2,1,1,1,2,1,2,1,2,1,1,1,2,9477930936831592147
Tibanban,TIB-0135,1,2,1,2,1,2,2,2,1,2,1,2,1,1,1,1,1,2,2,2,1,2,6574569059267160350
Tibanban,TIB-0136,2,2,1,2,2,2,2,2,1,2,2,1,2,2,1,2,2,2,2,1,2,1,4392771626250908939
Tibanban,TIB-0137,2,2,1,2,2,2,2,2,2,2,2,2,2,1,1,2,2,2,1,2,2,1,
Tibanban,TIB-0138,2,2,2,2,2,2,2,2,2,2,2,1,1,1,2,1,1,1,2,2,1,1,
Tibanban,TIB-0139,1,2,2,2,1,2,2,2,2,1,1,1,2,2,2,2,2,1,2,2,2,1,
Tibanban,TIB-0140,1,1,1,2,2,1,1,2,1,2,1,2,1,2,2,1,2,2,2,1,2,2,
Tibanban,TIB-0141,2,2,2,2,2,2,2,2,2,2,1,2,1,1,2,2,2,2,1,2,1,2,9014822947712998163
Tibanban,TIB-0142,2,1,1,2,2,1,1,2,2,1,1,1,1,1,1,1,2,1,2,2,1,1,7282857237842850634
Tibanban,TIB-0143,1,2,1,2,1,2,1,2,1,1,1,2,2,2,1,1,2,2,1,1,1,2,
Tibanban,TIB-0144,1,2,1,2,1,2,2,2,1,1,1,1,2,1,1,1,2,1,2,2,1,2,
Tibanban,TIB-0145,1,2,1,2,1,2,2,2,2,1,2,1,2,2,2,1,1,1,2,1,2,2,9799141607168237717
Tibanban,TIB-0146,2,2,1,2,2,2,1,2,1,2,2,1,2,2,2,1,1,2,1,1,2,1,
Tibanban,TIB-0147,1,1,1,1,1,1,1,1,1,1,1,1,1,2,2,1,1,1,2,2,1,1,
Tibanban,TIB-0148,2,2,1,2,2,2,1,2,2,2,2,2,2,1,1,2,1,1,1,2,1,2,5643837915013154232
Tibanban,TIB-0149,2,2,1,2,2,2,2,2,2,1,2,1,1,1,2,2,1,1,1,2,1,1,
Tibanban,TIB-0150,2,1,2,2,2,1,2,2,2,2,2,1,1,2,1,2,2,1,1,2,2,1,7126607160258108364
Tibanban,TIB-0151,2,2,1,1,2,2,1,1,2,2,2,2,1,1,2,1,2,1,1,1,1,1,
Tibanban,TIB-0152,2,1,1,1,2,1,1,2,2,2,2,2,2,1,2,2,2,2,1,1,1,2,
Tibanban,TIB-0153,1,1,1,2,1,1,2,2,1,2,1,1,2,2,2,1,1,2,1,2,2,1,
Tibanban,TIB-0154,1,2,1,2,1,2,2,2,2,1,1,2,1,2,1,2,2,2,2,1,1,1,6092214917702471986
Tibanban,TIB-0155,1,1,1,2,2,1,2,2,1,1,2,1,1,1,2,1,1,1,2,1,1,2,8003720489007950186
Tibanban,TIB-0156,1,1,1,2,1,2,2,2,1,2,1,1,2,2,1,2,2,2,1,1,2,2,
Tibanban,TIB-0157,1,2,2,2,2,2,2,2,1,1,1,1,1,1,2,1,2,2,1,2,2,1,7451802584965637962
Tibanban,TIB-0158,1,2,1,2,1,2,2,2,1,1,2,2,1,1,1,2,2,1,1,2,1,1,5759384249167215991
Tibanban,TIB-0159,2,2,1,2,2,2,2,2,1,2,1,1,2,1,2,1,2,1,2,2,1,1,3621249863488806424
Tibanban,TIB-0160,1,2,1,1,1,2,1,2,2,2,1,1,2,2,1,1,2,2,1,1,1,1,
Tibanban,TIB-0161,2,2,1,2,2,2,2,2,2,1,1,1,1,2,1,1,2,2,1,2,1,1,
Tibanban,TIB-0162,2,2,2,2,2,2,2,2,1,2,1,2,2,1,1,2,1,1,1,1,1,1,
Tibanban,TIB-0163,2,1,1,1,2,1,1,1,2,1,1,1,1,1,1,2,1,1,2,1,1,1,
Tibanban,TIB-0164,2,2,2,2,2,2,2,2,1,2,2,1,1,2,2,2,1,2,2,1,2,2,8019561271533005488
Tibanban,TIB-0165,2,2,1,2,2,2,2,2,2,1,2,2,2,1,1,1,1,2,2,2,1,1,6669271192736679333
Tibanban,TIB-0166,2,1,1,2,2,1,1,2,1,2,2,2,2,1,2,2,1,2,2,2,2,1,
Tibanban,TIB-0167,2,2,2,2,2,2,2,2,1,2,2,1,2,2,2,1,1,2,2,1,1,2,3533915144324088591
Tibanban,TIB-0168,1,1,1,2,2,1,2,2,1,2,2,1,2,2,1,1,2,2,2,1,1,1,
Tibanban,TIB-0169,1,1,1,1,1,1,1,2,1,1,2,2,1,2,2,1,2,2,2,1,1,2,
Tibanban,TIB-0170,2,2,1,2,2,2,2,2,1,2,1,2,1,2,1,1,1,1,2,1,2,1,
Tibanban,TIB-0171,2,2,2,2,2,2,2,2,1,2,2,2,1,1,1,2,2,1,1,2,1,2,6737138902955036546
Tibanban,TIB-0172,2,2,1,2,2,2,1,2,2,1,2,2,1,1,2,1,2,1,2,2,1,1,
Tibanban,TIB-0173,2,2,1,1,2,2,1,2,2,2,2,1,1,2,1,2,2,1,2,2,2,2,
Tibanban,TIB-0174,1,2,1,2,1,2,1,2,1,2,1,2,2,2,1,1,1,1,2,2,1,1,1655209522787448599
Tibanban,TIB-0175,1,2,1,2,1,2,2,2,1,2,1,1,1,2,2,2,1,1,2,2,2,1,
Tibanban,TIB-0176,2,2,1,1,2,2,2,2,1,1,1,1,2,2,2,2,1,1,2,2,1,1,
Tibanban,TIB-0177,2,2,2,2,2,2,2,2,2,1,1,2,1,2,1,2,2,1,2,1,2,2,
Tibanban,TIB-0178,2,2,1,2,2,2,1,2,2,1,1,2,2,1,1,2,2,1,1,2,2,2,
Tibanban,TIB-0179,2,2,1,2,2,2,1,2,1,2,1,2,1,1,2,2,1,1,1,2,1,2,8691923820769709897
Tibanban,TIB-0180,1,2,1,2,1,2,2,2,1,2,2,2,2,1,1,1,2,2,2,1,2,2,
Tibanban,TIB-0181,2,2,1,2,2,2,1,2,2,2,1,2,1,2,1,2,2,1,1,1,1,2,9916044489308124352
Tibanban,TIB-0182,2,2,2,2,2,2,2,2,1,1,1,1,1,1,1,2,2,1,1,2,2,1,
Tibanban,TIB-0183,1,2,1,2,2,2,2,2,1,2,1,1,2,1,1,2,2,1,1,1,2,1,7302503577662973526
Tibanban,TIB-0184,2,2,1,2,2,2,1,2,2,1,1,1,2,2,1,1,1,2,2,2,2,2,3305418594962084214
Tibanban,TIB-0185,1,1,1,2,2,1,2,2,1,1,1,2,2,1,2,1,1,1,1,1,2,2,
Tibanban,TIB-0186,1,2,2,2,1,2,2,2,1,1,2,2,1,2,1,1,1,1,1,2,1,2,
Tibanban,TIB-0187,2,2,2,2,2,2,2,2,2,2,1,1,2,1,1,2,2,2,2,1,2,2,
Tibanban,TIB-0188,2,2,1,2,2,2,1,2,2,1,1,1,1,2,1,2,1,2,1,2,1,1,
Tibanban,TIB-0189,2,2,1,2,2,2,2,2,2,2,1,2,1,1,1,1,2,2,1,1,1,2,
Tibanban,TIB-0190,2,2,1,2,2,2,2,2,1,1,1,2,2,1,2,2,1,1,2,2,1,2,
Tibanban,TIB-0191,2,2,1,2,2,2,1,2,2,2,1,2,1,1,2,1,1,1,2,1,1,1,
Tibanban,TIB-0192,2,2,1,2,2,2,1,2,2,1,2,1,2,1,2,2,2,1,1,1,1,2,
Tibanban,TIB-0193,1,2,1,2,2,2,2,2,1,1,2,1,2,1,1,2,1,2,1,2,1,2,
Tibanban,TIB-0194,1,2,2,2,1,2,2,2,1,1,1,1,2,2,2,2,2,2,1,2,2,1,
Tibanban,TIB-0195,2,2,2,2,2,2,2,2,1,1,2,2,2,2,2,2,1,2,2,1,2,2,
Tibanban,TIB-0196,2,2,1,2,2,2,1,2,2,2,2,2,1,1,2,2,1,2,1,1,1,2,
Tibanban,TIB-0197,2,2,1,2,2,2,1,2,1,1,1,2,1,2,1,2,1,1,2,1,1,1,
Tibanban,TIB-0198,1,2,1,2,2,2,2,2,1,2,2,1,1,1,2,1,1,1,2,1,2,1,
Tibanban,TIB-0199,2,2,1,2,2,2,1,2,1,1,2,2,1,1,1,1,2,2,1,2,1,1,
Tibanban,TIB-0200,1,2,1,2,1,2,1,2,2,1,2,2,2,2,1,1,1,2,2,2,1,1,2591139352984526760
Tibanban,TIB-0201,2,2,1,2,2,2,1,2,2,1,1,1,2,2,1,2,1,2,2,1,1,2,
Tibanban,TIB-0202,2,2,1,1,2,2,1,1,2,2,2,1,2,2,1,1,2,1,1,2,1,1,8419986372984502316
Tibanban,TIB-0203,1,2,1,2,2,2,1,2,1,1,2,2,2,2,2,1,2,1,1,2,1,2,
Tibanban,TIB-0204,2,2,1,2,2,2,1,2,2,1,1,2,2,2,1,2,2,1,1,1,2,1,
Tibanban,TIB-0205,2,2,1,2,2,2,2,2,2,2,2,2,1,2,1,1,2,1,2,1,2,1,1296294336049411546
Tibanban,TIB-0206,2,2,1,2,2,2,1,2,1,1,1,2,2,1,2,1,1,1,1,2,2,2,
Tibanban,TIB-0207,2,2,2,2,2,2,2,2,2,2,1,1,1,1,2,1,2,2,1,1,1,2,
Tibanban,TIB-0208,2,1,1,2,2,2,1,2,2,1,2,2,2,1,1,1,1,1,1,1,1,1,1855597550172533523
Tibanban,TIB-0209,2,1,1,1,2,1,1,1,1,2,1,1,1,2,2,1,2,1,2,2,1,2,
Tibanban,TIB-0210,1,2,1,2,2,2,1,2,1,1,2,1,1,2,2,1,2,2,2,1,2,1,
Tibanban,TIB-0211,2,2,1,2,2,2,1,2,1,2,2,2,2,2,2,1,2,2,1,1,2,1,
Tibanban,TIB-0212,1,2,2,1,1,2,2,1,1,2,2,2,2,1,2,2,1,2,1,2,2,2,9984955719697581040
Tibanban,TIB-0213,1,2,2,2,1,2,2,2,1,1,2,1,2,1,2,2,2,2,2,1,1,2,
Tibanban,TIB-0214,2,1,2,2,2,1,2,2,2,2,1,1,2,1,1,1,1,1,1,2,1,2,
Tibanban,TIB-0215,2,1,2,1,2,1,2,2,2,2,2,1,1,2,1,1,2,1,1,1,1,1,
Tibanban,TIB-0216,2,1,1,2,2,2,2,2,2,2,1,1,1,1,1,1,2,1,2,1,1,1,5385878888902021705
Tibanban,TIB-0217,2,1,1,2,2,1,2,2,2,2,1,1,1,1,1,2,1,1,2,1,2,1,7413372722865731048
Tiblawan,TIB-0001,1,2,1,2,1,2,2,2,1,2,2,2,2,1,2,1,1,1,2,1,1,2,
Tiblawan,TIB-0002,2,2,1,2,2,2,2,2,2,1,2,2,2,1,1,2,2,2,2,1,1,1,
Tiblawan,TIB-0003,1,2,1,2,1,2,1,2,1,1,1,2,2,2,2,2,2,1,2,1,2,1,
Tiblawan,TIB-0004,2,1,1,2,2,1,1,2,2,1,1,1,2,1,1,2,1,2,2,1,2,2,
Tiblawan,TIB-0005,2,2,1,2,2,2,1,2,2,2,1,1,1,1,1,1,1,2,1,1,1,1,
Tiblawan,TIB-0006,2,1,2,2,2,1,2,2,2,2,1,2,2,1,1,1,1,1,2,2,1,1,
Tiblawan,TIB-0007,2,2,1,2,2,2,1,2,1,1,2,2,2,1,1,2,1,1,2,2,1,1,3470828466362629149
Tiblawan,TIB-0008,2,2,2,2,2,2,2,2,1,2,2,2,2,1,2,1,2,1,1,1,2,1,
Tiblawan,TIB-0009,1,2,1,2,1,2,1,2,1,2,1,2,2,1,1,1,1,1,2,1,2,1,
Tiblawan,TIB-0010,1,2,2,2,1,2,2,2,2,1,1,1,1,1,2,2,2,1,1,2,2,2,
Tiblawan,TIB-0011,1,1,1,2,2,1,1,2,2,2,1,1,2,1,2,1,2,1,2,1,1,1,
Tiblawan,TIB-0012,2,2,1,2,2,2,2,2,1,2,2,2,2,2,2,1,1,2,2,1,2,1,
Tiblawan,TIB-0013,1,2,1,2,1,2,2,2,2,2,2,1,2,1,1,1,1,1,2,2,2,2,
Tiblawan,TIB-0014,2,2,1,2,2,2,1,2,1,2,2,1,2,2,1,1,1,2,2,2,2,2,
Tiblawan,TIB-0015,1,1,1,1,1,1,1,1,2,2,1,1,1,1,2,2,1,2,2,2,2,1,5553837446187713498
Tiblawan,TIB-0016,1,1,2,2,1,1,2,2,1,1,1,2,1,1,2,1,1,2,2,2,1,2,8178338958674772130
Tiblawan,TIB-0017,2,1,1,2,2,2,1,2,2,1,2,2,1,2,1,2,2,1,1,1,1,1,
Tiblawan,TIB-0018,1,2,1,2,1,2,1,2,1,1,2,1,2,1,1,2,1,1,1,1,2,1,
Tiblawan,TIB-0019,1,2,1,2,1,2,2,2,1,1,2,2,2,1,1,2,2,2,2,1,2,1,2322301910522957131
Tiblawan,TIB-0020,2,1,1,2,2,1,1,2,2,2,2,1,1,2,1,1,1,1,2,1,1,2,
Tiblawan,TIB-0021,1,2,1,2,1,2,1,2,2,1,1,1,2,1,2,1,1,1,2,1,1,1,
Tiblawan,TIB-0022,2,2,1,2,2,2,1,2,1,2,2,1,2,2,2,2,1,2,1,2,2,2,
Tiblawan,TIB-0023,2,1,1,2,2,1,2,2,2,1,2,1,2,2,2,1,1,2,1,2,1,2,
Tiblawan,TIB-0024,1,2,1,1,2,2,1,1,2,1,2,2,2,1,2,1,1,2,2,1,2,2,2536566559766095365
Tiblawan,TIB-0025,2,1,1,2,2,1,1,2,1,2,2,2,1,1,2,1,1,2,1,1,2,2,
Tiblawan,TIB-0026,2,2,2,2,2,2,2,2,2,1,2,2,2,2,1,1,2,2,1,2,2,1,2553312483326552778
Tiblawan,TIB-0027,2,2,1,1,2,2,2,1,1,2,2,2,1,2,2,2,1,2,2,2,2,2,8805290226634249320
Tiblawan,TIB-0028,2,2,1,2,2,2,1,2,1,1,1,2,2,2,1,1,2,1,2,1,2,1,
Tiblawan,TIB-0029,2,2,1,2,2,2,1,2,2,1,2,2,2,2,1,2,1,1,1,1,1,1,
Tiblawan,TIB-0030,1,2,1,2,2,2,1,2,2,2,2,1,1,2,1,1,1,2,1,2,2,2,
Tiblawan,TIB-0031,2,2,1,2,2,2,2,2,2,2,1,1,2,1,1,2,1,1,2,1,2,1,
Tiblawan,TIB-0032,1,2,1,2,2,2,2,2,1,1,1,1,1,1,1,2,2,1,2,1,2,2,
Tiblawan,TIB-0033,2,1,1,2,2,1,2,2,2,2,2,2,2,1,1,2,1,2,1,1,2,2,
Tiblawan,TIB-0034,2,1,1,2,2,1,1,2,2,2,2,1,1,1,1,2,1,2,2,1,1,1,
Tiblawan,TIB-0035,2,2,2,2,2,2,2,2,1,1,1,2,2,1,1,2,1,2,2,1,2,2,
Tiblawan,TIB-0036,1,2,1,2,1,2,2,2,1,2,1,2,2,2,1,2,2,2,2,2,2,2,3360648658957607634
Tiblawan,TIB-0037,1,2,1,2,2,2,1,2,2,1,1,2,2,1,2,1,2,2,1,2,1,2,
Tiblawan,TIB-0038,1,2,1,2,1,2,1,2,1,1,2,2,2,2,2,1,2,2,1,2,2,1,
Tiblawan,TIB-0039,1,1,1,2,1,1,2,2,2,2,1,2,1,1,2,1,1,2,1,2,2,1,4213555330564332434
Tiblawan,TIB-0040,2,2,1,2,2,2,1,2,2,1,1,2,1,2,2,2,1,2,1,2,1,1,3868994532415905096
Tiblawan,TIB-0041,2,2,1,2,2,2,1,2,2,1,1,1,1,2,1,1,1,2,1,1,1,1,
Tiblawan,TIB-0042,1,1,1,2,1,1,1,2,2,2,2,1,2,2,2,1,1,1,2,2,1,1,
Tiblawan,TIB-0043,1,2,1,2,2,2,2,2,1,1,2,2,2,2,1,2,1,2,2,2,1,2,8441646040615881745
Tiblawan,TIB-0044,1,1,1,2,1,1,2,2,1,1,2,1,2,1,2,2,2,1,1,1,1,1,
Tiblawan,TIB-0045,1,2,1,2,1,2,1,2,2,2,2,2,2,2,2,1,1,2,1,1,2,2,
Tiblawan,TIB-0046,2,1,1,2,2,1,1,2,1,2,2,2,1,2,1,2,2,1,1,1,1,1,
Tiblawan,TIB-0047,2,2,1,1,2,2,1,2,2,1,2,2,2,2,1,2,2,2,2,2,1,2,8248542597209673607
Tiblawan,TIB-0048,1,2,1,1,1,2,2,1,1,1,1,1,2,2,1,2,1,1,1,1,2,2,5447464484554204135
Tiblawan,TIB-0049,1,2,1,2,2,2,2,2,2,1,1,2,2,2,1,2,1,1,2,1,2,2,
Tiblawan,TIB-0050,1,2,1,2,1,2,1,2,1,1,2,1,2,2,2,1,2,1,1,1,2,1,7384254653186401904
Tiblawan,TIB-0051,1,2,2,2,1,2,2,2,2,2,2,2,2,2,1,1,2,2,2,1,1,2,
Tiblawan,TIB-0052,2,2,1,2,2,2,1,2,1,2,1,1,1,2,2,2,1,1,1,2,1,2,2506068274180412824
Tiblawan,TIB-0053,2,2,1,2,2,2,1,2,1,2,2,2,1,1,2,2,1,1,1,2,1,2,
Tiblawan,TIB-0054,2,2,1,2,2,2,1,2,2,1,1,2,1,2,1,1,1,1,2,2,2,1,
Tiblawan,TIB-0055,1,2,1,2,1,2,2,2,1,2,1,1,2,2,2,1,1,2,2,2,1,2,2715724770755806267
Tiblawan,TIB-0056,2,2,1,2,2,2,1,2,2,2,2,1,1,2,2,1,1,2,2,1,2,2,2070455892850931700
Tiblawan,TIB-0057,2,2,1,2,2,2,1,2,2,2,1,1,2,2,1,1,1,1,1,1,2,1,9835930229884123235
Tiblawan,TIB-0058,1,2,1,2,2,2,1,2,1,2,2,1,2,1,1,2,2,2,2,2,1,1,
Tiblawan,TIB-0059,2,2,1,2,2,2,1,2,2,1,2,1,2,2,2,1,2,1,2,1,1,1,
Tiblawan,TIB-0060,2,2,1,2,2,2,2,2,2,1,2,2,1,2,1,1,1,1,1,2,2,2,
Tiblawan,TIB-0061,2,2,1,2,2,2,1,2,2,2,1,2,1,2,1,1,1,2,1,2,2,2,
Tiblawan,TIB-0062,1,2,2,2,1,2,2,2,1,1,2,1,1,2,1,1,1,2,1,2,1,2,
Tiblawan,TIB-0063,1,2,1,2,1,2,1,2,1,2,1,2,1,1,1,1,1,2,1,1,1,2,
Tiblawan,TIB-0064,2,2,1,2,2,2,2,2,2,1,1,1,2,2,1,2,1,2,1,2,1,1,
Tiblawan,TIB-0065,1,2,1,2,1,2,1,2,1,1,1,2,1,1,1,2,1,2,2,2,1,1,7305400476198349907
Tiblawan,TIB-0066,2,2,1,2,2,2,2,2,2,2,1,1,2,1,2,1,2,2,1,2,1,2,
Tiblawan,TIB-0067,2,2,1,1,2,2,1,2,2,1,1,2,2,1,1,1,2,1,2,2,2,2,
Tiblawan,TIB-0068,1,1,2,2,1,1,2,2,1,2,1,1,1,2,2,1,1,1,1,2,1,1,
Tiblawan,TIB-0069,1,1,1,2,2,1,1,2,2,1,2,1,2,1,2,1,1,2,1,2,2,2,1717314853659417837
Tiblawan,TIB-0070,1,2,1,2,1,2,1,2,2,2,2,2,2,2,2,1,2,2,2,2,1,1,
Tiblawan,TIB-0071,1,1,1,2,1,2,2,2,2,2,2,1,1,1,1,2,2,2,1,2,2,2,
Tiblawan,TIB-0072,2,1,1,2,2,1,2,2,1,2,2,2,1,2,1,2,1,1,1,1,1,2,
Tiblawan,TIB-0073,2,2,1,2,2,2,2,2,2,2,1,2,1,2,1,1,2,1,2,1,1,1,7736728151746976391
Tiblawan,TIB-0074,1,2,1,2,2,2,2,2,2,1,1,2,1,2,1,2,2,1,2,1,2,2,
Tiblawan,TIB-0075,1,2,1,2,1,2,1,2,2,1,1,2,1,1,1,2,2,1,1,2,2,1,
Tiblawan,TIB-0076,2,1,1,1,2,2,1,1,2,2,2,1,2,2,1,1,2,2,1,2,1,1,
Tiblawan,TIB-0077,2,2,1,2,2,2,1,2,1,2,1,2,2,1,1,2,1,1,1,2,2,2,
Tiblawan,TIB-0078,1,2,1,2,1,2,2,2,2,1,1,2,1,1,2,1,1,2,1,2,2,2,
Tiblawan,TIB-0079,2,1,1,2,2,1,2,2,1,2,2,2,2,2,2,2,2,2,1,1,2,2,
Tiblawan,TIB-0080,2,2,1,2,2,2,1,2,2,2,2,1,2,2,1,1,2,1,2,1,2,1,4896705682361880434
Tiblawan,TIB-0081,1,1,1,2,1,1,1,2,1,1,2,1,1,2,1,2,2,2,2,1,2,2,
Tiblawan,TIB-0082,2,2,2,1,2,2,2,1,1,2,2,1,2,2,1,1,2,1,1,2,2,1,
Tiblawan,TIB-0083,2,2,1,2,2,2,2,2,2,2,1,2,2,2,2,2,1,2,1,1,1,1,3989401650877987796
Tiblawan,TIB-0084,2,2,1,2,2,2,1,2,2,2,1,2,1,2,1,2,1,1,1,2,1,1,1870288731702934767
Tiblawan,TIB-0085,2,2,1,2,2,2,2,2,1,2,1,2,1,1,1,1,1,2,1,2,1,2,
Tiblawan,TIB-0086,2,2,1,2,2,2,1,2,1,1,1,1,2,2,1,2,2,1,1,2,1,1,
Tiblawan,TIB-0087,2,1,1,2,2,2,1,2,1,1,2,2,1,1,1,2,2,1,1,1,2,2,
Tiblawan,TIB-0088,2,2,1,1,2,2,1,1,2,2,2,2,2,2,2,2,1,1,1,1,2,2,
Tiblawan,TIB-0089,2,2,1,2,2,2,2,2,1,2,2,2,2,2,1,2,1,1,1,1,1,2,8684013862887131136
Tiblawan,TIB-0090,1,2,1,2,2,2,1,2,1,1,1,1,1,1,1,1,1,1,2,1,2,2,
Tiblawan,TIB-0091,1,1,1,2,1,1,1,2,2,1,1,1,2,1,1,1,2,1,1,2,2,2,
Tiblawan,TIB-0092,2,2,1,2,2,2,1,2,1,1,1,1,2,2,2,1,2,2,1,2,2,2,6424395405079518522
Tiblawan,TIB-0093,2,2,1,2,2,2,1,2,2,1,2,2,1,2,2,2,1,2,1,2,1,2,
Tiblawan,TIB-0094,1,2,1,2,1,2,1,2,2,1,2,2,2,2,1,1,2,1,1,2,2,1,5123976034489292884
Tiblawan,TIB-0095,1,2,1,2,1,2,2,2,1,1,2,2,2,1,2,2,2,2,1,2,1,2,5578703320245694182
Tiblawan,TIB-0096,1,1,1,2,1,1,2,2,2,2,1,2,2,1,1,1,2,1,1,1,1,2,
Tiblawan,TIB-0097,2,2,1,1,2,2,2,1,1,1,2,2,2,2,1,2,2,2,2,2,2,2,
Tiblawan,TIB-0098,1,2,1,2,2,2,1,2,1,2,1,1,1,2,2,2,1,2,2,1,2,2,
Tiblawan,TIB-0099,2,2,1,2,2,2,1,2,2,1,2,1,1,2,1,2,1,1,2,1,1,1,
Upper Tibanban,UPP-0001,1,2,1,2,1,2,2,2,2,2,2,2,2,2,2,2,1,2,2,1,1,1,3465718912775607499
Upper Tibanban,UPP-0002,2,2,1,2,2,2,1,2,2,1,1,1,2,2,1,1,2,1,2,1,2,1,
Upper Tibanban,UPP-0003,2,2,2,2,2,2,2,2,2,2,1,2,1,2,2,1,2,1,1,2,2,1,
Upper Tibanban,UPP-0004,2,2,2,2,2,2,2,2,2,2,1,2,2,1,1,2,2,2,1,1,2,2,
Upper Tibanban,UPP-0005,2,2,1,2,2,2,2,2,2,1,1,1,2,2,1,2,2,2,1,2,1,1,2897426181187688219
Upper Tibanban,UPP-0006,2,2,1,2,2,2,2,2,1,2,2,1,2,2,2,1,1,2,1,1,2,2,
Upper Tibanban,UPP-0007,1,2,1,1,1,2,1,1,2,2,2,1,2,2,1,2,1,1,2,1,1,1,
Upper Tibanban,UPP-0008,2,1,1,2,2,1,2,2,2,1,2,1,1,2,1,1,1,1,1,2,2,1,
Upper Tibanban,UPP-0009,2,2,1,2,2,2,2,2,1,1,2,1,1,2,1,2,2,1,1,2,1,2,
Upper Tibanban,UPP-0010,1,2,1,2,2,2,1,2,1,2,2,1,2,2,1,2,1,1,2,2,2,2,
Upper Tibanban,UPP-0011,2,2,1,2,2,2,1,2,1,2,1,1,2,1,1,2,2,1,2,1,1,2,
Upper Tibanban,UPP-0012,1,2,1,2,2,2,2,2,2,1,2,2,1,2,2,1,1,1,2,1,2,2,5259340470549842063
Upper Tibanban,UPP-0013,2,2,1,2,2,2,1,2,1,2,1,1,2,2,1,2,1,1,1,2,1,2,6170674068497927783
Upper Tibanban,UPP-0014,1,2,2,1,1,2,2,1,1,1,2,1,1,2,2,1,2,1,2,2,1,2,1475937646891744105
Upper Tibanban,UPP-0015,2,1,1,2,2,1,2,2,2,2,2,1,1,1,1,2,1,2,1,2,1,2,
Upper Tibanban,UPP-0016,2,2,1,2,2,2,1,2,1,1,1,2,1,2,2,2,1,1,1,2,2,1,
Upper Tibanban,UPP-0017,2,2,1,2,2,2,2,2,1,1,1,2,1,1,1,2,2,2,1,1,2,2,
Upper Tibanban,UPP-0018,2,2,1,2,2,2,2,2,2,2,2,1,2,1,2,2,2,1,1,1,1,1,
Upper Tibanban,UPP-0019,2,2,1,2,2,2,2,2,1,2,2,1,2,2,2,1,1,1,2,2,2,1,
Upper Tibanban,UPP-0020,2,2,1,1,2,2,2,2,1,2,2,1,2,1,2,1,2,1,2,1,2,2,
Upper Tibanban,UPP-0021,1,1,1,2,1,1,1,2,2,1,1,1,2,2,1,1,2,1,2,1,1,1,9321479986196103131
Upper Tibanban,UPP-0022,2,1,1,2,2,1,1,2,2,2,2,1,1,1,2,2,2,2,1,2,1,1,
Upper Tibanban,UPP-0023,2,2,2,2,2,2,2,2,1,1,1,2,2,2,2,2,1,2,2,1,1,1,
Upper Tibanban,UPP-0024,2,2,1,2,2,2,2,2,2,2,2,1,2,2,1,2,2,1,1,2,2,1,
Upper Tibanban,UPP-0025,2,2,1,2,2,2,1,2,1,2,2,2,2,1,1,2,1,1,1,1,2,1,
Upper Tibanban,UPP-0026,2,1,1,2,2,1,1,2,2,1,2,2,1,1,2,1,2,1,1,1,2,2,
Upper Tibanban,UPP-0027,2,2,1,2,2,2,2,2,2,2,2,1,2,1,1,1,1,2,2,1,1,2,2957704183544070712
Upper Tibanban,UPP-0028,1,2,2,2,1,2,2,2,1,1,2,1,2,2,1,2,2,2,1,2,1,2,
Upper Tibanban,UPP-0029,2,2,1,2,2,2,2,2,2,1,2,2,1,2,2,1,1,2,2,2,1,1,
Upper Tibanban,UPP-0030,1,2,1,2,1,2,2,2,2,1,2,1,2,2,2,2,1,2,2,2,2,2,
Upper Tibanban,UPP-0031,2,2,1,2,2,2,1,2,2,1,1,1,2,1,1,1,1,2,2,2,1,2,6910843144323648773
Upper Tibanban,UPP-0032,2,2,1,2,2,2,1,2,2,2,1,1,1,1,2,1,2,1,1,2,1,1,
Crispin Dela Cruz,CRI-0001,2,2,1,2,2,2,1,2,2,1,2,2,2,2,1,2,2,2,1,1,2,2,3322209148908838048
Crispin Dela Cruz,CRI-0002,1,2,1,1,2,2,1,2,2,1,2,1,2,1,1,2,2,1,1,2,1,1,
Crispin Dela Cruz,CRI-0003,1,2,2,2,1,2,2,2,1,2,1,1,1,2,1,1,2,1,2,2,1,2,2099871884292742386
Crispin Dela Cruz,CRI-0004,2,2,1,2,2,2,1,2,2,1,2,1,2,2,1,2,2,2,1,1,1,2,
Crispin Dela Cruz,CRI-0005,2,1,2,1,2,1,2,2,2,2,2,1,1,2,2,2,2,1,2,1,1,1,
Crispin Dela Cruz,CRI-0006,2,2,1,1,2,2,2,1,1,2,1,2,2,2,2,1,2,2,2,2,1,2,5864131704942503256
Crispin Dela Cruz,CRI-0007,2,2,1,2,2,2,2,2,2,2,1,1,1,1,1,2,1,2,2,2,2,2,
Crispin Dela Cruz,CRI-0008,2,2,1,1,2,2,2,1,1,1,2,2,2,1,2,1,2,2,1,1,2,2,
Crispin Dela Cruz,CRI-0009,2,1,1,2,2,2,2,2,1,1,2,2,2,2,2,2,1,1,1,2,1,1,
Crispin Dela Cruz,CRI-0010,2,2,1,2,2,2,2,2,1,1,2,2,2,1,2,1,1,2,2,1,1,1,
Crispin Dela Cruz,CRI-0011,1,2,1,2,1,2,1,2,2,1,1,2,2,2,1,2,1,1,2,2,2,2,
Crispin Dela Cruz,CRI-0012,1,2,1,2,2,2,1,2,1,1,1,2,2,1,1,1,1,1,1,2,2,1,
Crispin Dela Cruz,CRI-0013,1,1,1,2,1,2,2,2,1,1,2,1,1,1,2,1,1,1,2,1,2,1,2578719473531069116
Crispin Dela Cruz,CRI-0014,2,2,1,2,2,2,2,2,2,1,1,2,1,2,1,1,2,1,1,1,2,2,
Crispin Dela Cruz,CRI-0015,1,2,1,2,2,2,2,2,1,2,2,2,1,2,1,2,1,2,1,1,2,1,
Crispin Dela Cruz,CRI-0016,2,2,1,2,2,2,1,2,1,2,1,2,1,2,2,2,2,1,2,1,1,1,
Crispin Dela Cruz,CRI-0017,1,1,1,1,1,1,1,2,2,2,1,1,1,2,2,2,1,1,1,2,2,2,
Crispin Dela Cruz,CRI-0018,1,2,1,2,1,2,1,2,1,1,1,1,2,2,2,2,2,1,1,1,1,1,
Crispin Dela Cruz,CRI-0019,2,2,1,2,2,2,1,2,1,1,1,2,1,1,2,2,1,1,2,2,1,1,
Crispin Dela Cruz,CRI-0020,2,2,1,2,2,2,1,2,1,1,2,1,1,2,2,2,2,1,2,1,2,1,
Crispin Dela Cruz,CRI-0021,2,2,2,2,2,2,2,2,2,2,2,1,2,1,1,2,1,1,1,1,2,2,
Crispin Dela Cruz,CRI-0022,2,2,1,2,2,2,2,2,1,2,1,2,1,1,2,1,1,1,2,2,2,2,
Crispin Dela Cruz,CRI-0023,2,2,2,2,2,2,2,2,1,1,2,1,1,2,1,1,1,2,2,2,2,1,
Crispin Dela Cruz,CRI-0024,1,2,1,2,1,2,2,2,1,1,1,1,2,2,2,1,2,2,2,1,2,1,
Crispin Dela Cruz,CRI-0025,2,2,1,2,2,2,1,2,1,2,1,2,2,2,2,1,2,2,2,2,1,2,2603842954667706571
Crispin Dela Cruz,CRI-0026,1,2,1,2,1,2,2,2,1,2,1,1,1,1,2,1,2,1,2,2,1,2,
Crispin Dela Cruz,CRI-0027,2,1,1,2,2,1,2,2,1,1,1,2,2,1,2,1,1,2,1,2,1,2,
Crispin Dela Cruz,CRI-0028,2,2,1,2,2,2,1,2,1,2,2,2,1,1,2,2,2,2,1,1,2,2,6494042270091072537
Crispin Dela Cruz,CRI-0029,1,2,1,2,1,2,1,2,1,1,2,2,2,2,1,2,1,2,1,1,2,2,8300691025920486867
Crispin Dela Cruz,CRI-0030,1,2,1,1,1,2,1,2,1,1,1,2,1,1,2,1,1,2,1,1,2,2,
Crispin Dela Cruz,CRI-0031,1,2,1,2,2,2,2,2,1,1,2,1,1,2,2,2,1,2,1,1,1,2,
Crispin Dela Cruz,CRI-0032,2,2,1,2,2,2,1,2,1,1,1,2,1,2,1,1,2,2,1,1,2,2,
Crispin Dela Cruz,CRI-0033,1,2,2,2,1,2,2,2,2,1,1,1,1,1,1,1,2,2,2,2,1,2,
Crispin Dela Cruz,CRI-0034,2,2,1,2,2,2,1,2,1,1,2,1,1,2,1,1,2,1,1,1,2,2,
Crispin Dela Cruz,CRI-0035,1,2,1,2,1,2,1,2,2,2,2,1,2,1,2,2,1,2,2,2,1,2,
Crispin Dela Cruz,CRI-0036,1,2,1,2,2,2,2,2,1,2,1,1,1,2,1,1,1,1,2,1,2,1,2809098654782717915
Crispin Dela Cruz,CRI-0037,2,2,1,1,2,2,1,1,2,2,1,2,1,1,2,1,2,2,1,2,2,1,
Crispin Dela Cruz,CRI-0038,2,2,1,2,2,2,1,2,1,1,2,1,2,1,2,1,1,2,2,1,1,2,
Crispin Dela Cruz,CRI-0039,1,1,1,2,1,1,1,2,2,2,2,2,1,2,1,2,2,1,2,2,1,1,
Crispin Dela Cruz,CRI-0040,2,2,1,1,2,2,1,1,1,1,2,2,2,1,1,2,1,1,1,1,1,1,
Crispin Dela Cruz,CRI-0041,2,2,1,2,2,2,2,2,1,2,1,1,1,1,2,2,1,2,1,2,2,1,
Crispin Dela Cruz,CRI-0042,2,1,2,2,2,1,2,2,2,2,2,2,1,2,1,2,1,1,2,1,1,2,
Crispin Dela Cruz,CRI-0043,2,2,1,2,2,2,1,2,1,2,2,1,1,1,2,1,2,2,1,1,1,2,
Crispin Dela Cruz,CRI-0044,2,2,1,2,2,2,2,2,2,2,2,2,1,1,2,1,2,2,1,1,1,1,
Crispin Dela Cruz,CRI-0045,2,1,1,1,2,1,1,1,1,1,2,2,1,2,2,2,2,1,1,1,1,1,
Crispin Dela Cruz,CRI-0046,2,2,1,2,2,2,1,2,1,1,1,2,2,1,1,2,2,1,2,1,2,2,9047312348319084369
Crispin Dela Cruz,CRI-0047,1,2,1,2,2,2,1,2,2,1,2,1,1,2,2,1,2,2,1,1,2,2,
Crispin Dela Cruz,CRI-0048,2,1,1,2,2,1,1,2,2,1,1,2,1,1,2,1,1,1,2,1,1,2,
Crispin Dela Cruz,CRI-0049,1,2,1,1,1,2,1,1,1,1,2,2,2,2,1,1,2,2,2,2,2,1,
Crispin Dela Cruz,CRI-0050,2,2,1,2,2,2,1,2,1,1,2,2,1,1,1,1,2,2,1,2,2,2,
